run,channel,amplitude_mV,fall_ns,delay_ns,trials,selected,acceptance
run_20260903_152154,2,100,6,-155,24,22,0.9166666666666666
run_20260903_152154,2,100,6,-135,24,22,0.9166666666666666
run_20260903_152154,2,100,6,120,24,21,0.875
run_20260903_152154,2,100,6,135,24,22,0.9166666666666666
run_20260903_152154,2,100,6,155,24,22,0.9166666666666666
run_20260903_152154,2,100,6,200,24,20,0.8333333333333334
run_20260903_152154,2,100,6,500,24,24,1.0
run_20260903_152154,2,100,6,1000,24,24,1.0
run_20260903_152154,2,100,6,1400,24,21,0.875
run_20260903_152154,2,100,12,-155,24,22,0.9166666666666666
run_20260903_152154,2,100,12,-135,24,22,0.9166666666666666
run_20260903_152154,2,100,12,120,24,21,0.875
run_20260903_152154,2,100,12,135,24,21,0.875
run_20260903_152154,2,100,12,155,24,20,0.8333333333333334
run_20260903_152154,2,100,12,200,24,21,0.875
run_20260903_152154,2,100,12,500,24,23,0.9583333333333334
run_20260903_152154,2,100,12,1000,24,23,0.9583333333333334
run_20260903_152154,2,100,12,1400,24,23,0.9583333333333334
run_20260903_152154,2,160,6,-155,24,23,0.9583333333333334
run_20260903_152154,2,160,6,-135,24,23,0.9583333333333334
run_20260903_152154,2,160,6,120,24,21,0.875
run_20260903_152154,2,160,6,135,24,23,0.9583333333333334
run_20260903_152154,2,160,6,155,24,23,0.9583333333333334
run_20260903_152154,2,160,6,200,24,24,1.0
run_20260903_152154,2,160,6,500,24,24,1.0
run_20260903_152154,2,160,6,1000,24,24,1.0
run_20260903_152154,2,160,6,1400,24,23,0.9583333333333334
run_20260903_152154,2,160,12,-155,24,24,1.0
run_20260903_152154,2,160,12,-135,24,23,0.9583333333333334
run_20260903_152154,2,160,12,120,24,24,1.0
run_20260903_152154,2,160,12,135,24,24,1.0
run_20260903_152154,2,160,12,155,24,22,0.9166666666666666
run_20260903_152154,2,160,12,200,24,24,1.0
run_20260903_152154,2,160,12,500,24,24,1.0
run_20260903_152154,2,160,12,1000,24,24,1.0
run_20260903_152154,2,160,12,1400,24,24,1.0
run_20260903_152154,3,100,6,-155,24,22,0.9166666666666666
run_20260903_152154,3,100,6,-135,24,23,0.9583333333333334
run_20260903_152154,3,100,6,120,24,21,0.875
run_20260903_152154,3,100,6,135,24,22,0.9166666666666666
run_20260903_152154,3,100,6,155,24,23,0.9583333333333334
run_20260903_152154,3,100,6,200,24,24,1.0
run_20260903_152154,3,100,6,500,24,24,1.0
run_20260903_152154,3,100,6,1000,24,24,1.0
run_20260903_152154,3,100,6,1400,24,23,0.9583333333333334
run_20260903_152154,3,100,12,-155,24,22,0.9166666666666666
run_20260903_152154,3,100,12,-135,24,24,1.0
run_20260903_152154,3,100,12,120,24,20,0.8333333333333334
run_20260903_152154,3,100,12,135,24,19,0.7916666666666666
run_20260903_152154,3,100,12,155,24,22,0.9166666666666666
run_20260903_152154,3,100,12,200,24,22,0.9166666666666666
run_20260903_152154,3,100,12,500,24,22,0.9166666666666666
run_20260903_152154,3,100,12,1000,24,24,1.0
run_20260903_152154,3,100,12,1400,24,22,0.9166666666666666
run_20260903_152154,3,160,6,-155,24,23,0.9583333333333334
run_20260903_152154,3,160,6,-135,24,24,1.0
run_20260903_152154,3,160,6,120,24,21,0.875
run_20260903_152154,3,160,6,135,24,24,1.0
run_20260903_152154,3,160,6,155,24,23,0.9583333333333334
run_20260903_152154,3,160,6,200,24,24,1.0
run_20260903_152154,3,160,6,500,24,22,0.9166666666666666
run_20260903_152154,3,160,6,1000,24,24,1.0
run_20260903_152154,3,160,6,1400,24,23,0.9583333333333334
run_20260903_152154,3,160,12,-155,24,24,1.0
run_20260903_152154,3,160,12,-135,24,24,1.0
run_20260903_152154,3,160,12,120,24,24,1.0
run_20260903_152154,3,160,12,135,24,24,1.0
run_20260903_152154,3,160,12,155,24,24,1.0
run_20260903_152154,3,160,12,200,24,23,0.9583333333333334
run_20260903_152154,3,160,12,500,24,22,0.9166666666666666
run_20260903_152154,3,160,12,1000,24,24,1.0
run_20260903_152154,3,160,12,1400,24,24,1.0
run_20260903_184041,2,100,6,-155,12,10,0.8333333333333334
run_20260903_184041,2,100,6,-135,12,11,0.9166666666666666
run_20260903_184041,2,100,6,120,12,11,0.9166666666666666
run_20260903_184041,2,100,6,135,12,12,1.0
run_20260903_184041,2,100,6,155,12,10,0.8333333333333334
run_20260903_184041,2,100,6,200,12,12,1.0
run_20260903_184041,2,100,6,500,12,12,1.0
run_20260903_184041,2,100,6,1000,12,11,0.9166666666666666
run_20260903_184041,2,100,6,1400,12,11,0.9166666666666666
run_20260903_184041,2,100,12,-155,12,12,1.0
run_20260903_184041,2,100,12,-135,12,11,0.9166666666666666
run_20260903_184041,2,100,12,120,12,10,0.8333333333333334
run_20260903_184041,2,100,12,135,12,11,0.9166666666666666
run_20260903_184041,2,100,12,155,12,11,0.9166666666666666
run_20260903_184041,2,100,12,200,12,12,1.0
run_20260903_184041,2,100,12,500,12,12,1.0
run_20260903_184041,2,100,12,1000,12,12,1.0
run_20260903_184041,2,100,12,1400,12,11,0.9166666666666666
run_20260903_184041,2,160,6,-155,12,12,1.0
run_20260903_184041,2,160,6,-135,12,12,1.0
run_20260903_184041,2,160,6,120,12,12,1.0
run_20260903_184041,2,160,6,135,12,11,0.9166666666666666
run_20260903_184041,2,160,6,155,12,12,1.0
run_20260903_184041,2,160,6,200,12,12,1.0
run_20260903_184041,2,160,6,500,12,12,1.0
run_20260903_184041,2,160,6,1000,12,12,1.0
run_20260903_184041,2,160,6,1400,12,12,1.0
run_20260903_184041,2,160,12,-155,12,12,1.0
run_20260903_184041,2,160,12,-135,12,12,1.0
run_20260903_184041,2,160,12,120,12,12,1.0
run_20260903_184041,2,160,12,135,12,11,0.9166666666666666
run_20260903_184041,2,160,12,155,12,12,1.0
run_20260903_184041,2,160,12,200,12,12,1.0
run_20260903_184041,2,160,12,500,12,12,1.0
run_20260903_184041,2,160,12,1000,12,12,1.0
run_20260903_184041,2,160,12,1400,12,12,1.0
run_20260903_184041,3,100,6,-155,12,12,1.0
run_20260903_184041,3,100,6,-135,12,12,1.0
run_20260903_184041,3,100,6,120,12,12,1.0
run_20260903_184041,3,100,6,135,12,12,1.0
run_20260903_184041,3,100,6,155,12,12,1.0
run_20260903_184041,3,100,6,200,12,12,1.0
run_20260903_184041,3,100,6,500,12,11,0.9166666666666666
run_20260903_184041,3,100,6,1000,12,10,0.8333333333333334
run_20260903_184041,3,100,6,1400,12,12,1.0
run_20260903_184041,3,100,12,-155,12,12,1.0
run_20260903_184041,3,100,12,-135,12,12,1.0
run_20260903_184041,3,100,12,120,12,11,0.9166666666666666
run_20260903_184041,3,100,12,135,12,12,1.0
run_20260903_184041,3,100,12,155,12,11,0.9166666666666666
run_20260903_184041,3,100,12,200,12,11,0.9166666666666666
run_20260903_184041,3,100,12,500,12,11,0.9166666666666666
run_20260903_184041,3,100,12,1000,12,11,0.9166666666666666
run_20260903_184041,3,100,12,1400,12,10,0.8333333333333334
run_20260903_184041,3,160,6,-155,12,12,1.0
run_20260903_184041,3,160,6,-135,12,12,1.0
run_20260903_184041,3,160,6,120,12,12,1.0
run_20260903_184041,3,160,6,135,12,12,1.0
run_20260903_184041,3,160,6,155,12,11,0.9166666666666666
run_20260903_184041,3,160,6,200,12,12,1.0
run_20260903_184041,3,160,6,500,12,12,1.0
run_20260903_184041,3,160,6,1000,12,12,1.0
run_20260903_184041,3,160,6,1400,12,12,1.0
run_20260903_184041,3,160,12,-155,12,12,1.0
run_20260903_184041,3,160,12,-135,12,12,1.0
run_20260903_184041,3,160,12,120,12,12,1.0
run_20260903_184041,3,160,12,135,12,12,1.0
run_20260903_184041,3,160,12,155,12,12,1.0
run_20260903_184041,3,160,12,200,12,12,1.0
run_20260903_184041,3,160,12,500,12,12,1.0
run_20260903_184041,3,160,12,1000,12,12,1.0
run_20260903_184041,3,160,12,1400,12,12,1.0
run_20260904_134314,2,100,6,-155,24,23,0.9583333333333334
run_20260904_134314,2,100,6,-135,24,23,0.9583333333333334
run_20260904_134314,2,100,6,120,24,24,1.0
run_20260904_134314,2,100,6,135,24,23,0.9583333333333334
run_20260904_134314,2,100,6,155,24,24,1.0
run_20260904_134314,2,100,6,200,24,23,0.9583333333333334
run_20260904_134314,2,100,6,500,24,22,0.9166666666666666
run_20260904_134314,2,100,6,1000,24,24,1.0
run_20260904_134314,2,100,6,1400,24,24,1.0
run_20260904_134314,2,100,12,-155,24,24,1.0
run_20260904_134314,2,100,12,-135,24,24,1.0
run_20260904_134314,2,100,12,120,24,24,1.0
run_20260904_134314,2,100,12,135,24,22,0.9166666666666666
run_20260904_134314,2,100,12,155,24,24,1.0
run_20260904_134314,2,100,12,200,24,23,0.9583333333333334
run_20260904_134314,2,100,12,500,24,22,0.9166666666666666
run_20260904_134314,2,100,12,1000,24,23,0.9583333333333334
run_20260904_134314,2,100,12,1400,24,23,0.9583333333333334
run_20260904_134314,2,160,6,-155,24,23,0.9583333333333334
run_20260904_134314,2,160,6,-135,24,23,0.9583333333333334
run_20260904_134314,2,160,6,120,24,24,1.0
run_20260904_134314,2,160,6,135,24,24,1.0
run_20260904_134314,2,160,6,155,24,24,1.0
run_20260904_134314,2,160,6,200,24,22,0.9166666666666666
run_20260904_134314,2,160,6,500,24,24,1.0
run_20260904_134314,2,160,6,1000,24,24,1.0
run_20260904_134314,2,160,6,1400,24,24,1.0
run_20260904_134314,2,160,12,-155,24,24,1.0
run_20260904_134314,2,160,12,-135,24,24,1.0
run_20260904_134314,2,160,12,120,24,24,1.0
run_20260904_134314,2,160,12,135,24,24,1.0
run_20260904_134314,2,160,12,155,24,24,1.0
run_20260904_134314,2,160,12,200,24,24,1.0
run_20260904_134314,2,160,12,500,24,24,1.0
run_20260904_134314,2,160,12,1000,24,24,1.0
run_20260904_134314,2,160,12,1400,24,24,1.0
run_20260904_134314,3,100,6,-155,24,23,0.9583333333333334
run_20260904_134314,3,100,6,-135,24,22,0.9166666666666666
run_20260904_134314,3,100,6,120,24,22,0.9166666666666666
run_20260904_134314,3,100,6,135,24,23,0.9583333333333334
run_20260904_134314,3,100,6,155,24,23,0.9583333333333334
run_20260904_134314,3,100,6,200,24,22,0.9166666666666666
run_20260904_134314,3,100,6,500,24,20,0.8333333333333334
run_20260904_134314,3,100,6,1000,24,24,1.0
run_20260904_134314,3,100,6,1400,24,24,1.0
run_20260904_134314,3,100,12,-155,24,23,0.9583333333333334
run_20260904_134314,3,100,12,-135,24,23,0.9583333333333334
run_20260904_134314,3,100,12,120,24,22,0.9166666666666666
run_20260904_134314,3,100,12,135,24,21,0.875
run_20260904_134314,3,100,12,155,24,22,0.9166666666666666
run_20260904_134314,3,100,12,200,24,22,0.9166666666666666
run_20260904_134314,3,100,12,500,24,24,1.0
run_20260904_134314,3,100,12,1000,24,21,0.875
run_20260904_134314,3,100,12,1400,24,22,0.9166666666666666
run_20260904_134314,3,160,6,-155,24,23,0.9583333333333334
run_20260904_134314,3,160,6,-135,24,24,1.0
run_20260904_134314,3,160,6,120,24,24,1.0
run_20260904_134314,3,160,6,135,24,24,1.0
run_20260904_134314,3,160,6,155,24,23,0.9583333333333334
run_20260904_134314,3,160,6,200,24,24,1.0
run_20260904_134314,3,160,6,500,24,24,1.0
run_20260904_134314,3,160,6,1000,24,24,1.0
run_20260904_134314,3,160,6,1400,24,23,0.9583333333333334
run_20260904_134314,3,160,12,-155,24,24,1.0
run_20260904_134314,3,160,12,-135,24,24,1.0
run_20260904_134314,3,160,12,120,24,24,1.0
run_20260904_134314,3,160,12,135,24,24,1.0
run_20260904_134314,3,160,12,155,24,24,1.0
run_20260904_134314,3,160,12,200,24,24,1.0
run_20260904_134314,3,160,12,500,24,24,1.0
run_20260904_134314,3,160,12,1000,24,23,0.9583333333333334
run_20260904_134314,3,160,12,1400,24,24,1.0
run_20260907_140421,2,100,6,-155,24,15,0.625
run_20260907_140421,2,100,6,-135,24,11,0.4583333333333333
run_20260907_140421,2,100,6,120,24,17,0.7083333333333334
run_20260907_140421,2,100,6,135,24,14,0.5833333333333334
run_20260907_140421,2,100,6,155,24,17,0.7083333333333334
run_20260907_140421,2,100,6,200,24,17,0.7083333333333334
run_20260907_140421,2,100,6,500,24,17,0.7083333333333334
run_20260907_140421,2,100,6,1000,24,16,0.6666666666666666
run_20260907_140421,2,100,6,1400,24,15,0.625
run_20260907_140421,2,100,12,-155,24,17,0.7083333333333334
run_20260907_140421,2,100,12,-135,24,15,0.625
run_20260907_140421,2,100,12,120,24,18,0.75
run_20260907_140421,2,100,12,135,24,15,0.625
run_20260907_140421,2,100,12,155,24,20,0.8333333333333334
run_20260907_140421,2,100,12,200,24,17,0.7083333333333334
run_20260907_140421,2,100,12,500,24,17,0.7083333333333334
run_20260907_140421,2,100,12,1000,24,18,0.75
run_20260907_140421,2,100,12,1400,24,17,0.7083333333333334
run_20260907_140421,2,160,6,-155,24,23,0.9583333333333334
run_20260907_140421,2,160,6,-135,24,23,0.9583333333333334
run_20260907_140421,2,160,6,120,24,22,0.9166666666666666
run_20260907_140421,2,160,6,135,24,22,0.9166666666666666
run_20260907_140421,2,160,6,155,24,24,1.0
run_20260907_140421,2,160,6,200,24,22,0.9166666666666666
run_20260907_140421,2,160,6,500,24,21,0.875
run_20260907_140421,2,160,6,1000,24,20,0.8333333333333334
run_20260907_140421,2,160,6,1400,24,22,0.9166666666666666
run_20260907_140421,2,160,12,-155,24,22,0.9166666666666666
run_20260907_140421,2,160,12,-135,24,22,0.9166666666666666
run_20260907_140421,2,160,12,120,24,23,0.9583333333333334
run_20260907_140421,2,160,12,135,24,23,0.9583333333333334
run_20260907_140421,2,160,12,155,24,23,0.9583333333333334
run_20260907_140421,2,160,12,200,24,21,0.875
run_20260907_140421,2,160,12,500,24,23,0.9583333333333334
run_20260907_140421,2,160,12,1000,24,21,0.875
run_20260907_140421,2,160,12,1400,24,22,0.9166666666666666
run_20260907_140421,3,100,6,-155,24,13,0.5416666666666666
run_20260907_140421,3,100,6,-135,24,15,0.625
run_20260907_140421,3,100,6,120,24,16,0.6666666666666666
run_20260907_140421,3,100,6,135,24,14,0.5833333333333334
run_20260907_140421,3,100,6,155,24,16,0.6666666666666666
run_20260907_140421,3,100,6,200,24,13,0.5416666666666666
run_20260907_140421,3,100,6,500,24,14,0.5833333333333334
run_20260907_140421,3,100,6,1000,24,14,0.5833333333333334
run_20260907_140421,3,100,6,1400,24,19,0.7916666666666666
run_20260907_140421,3,100,12,-155,24,13,0.5416666666666666
run_20260907_140421,3,100,12,-135,24,18,0.75
run_20260907_140421,3,100,12,120,24,15,0.625
run_20260907_140421,3,100,12,135,24,15,0.625
run_20260907_140421,3,100,12,155,24,14,0.5833333333333334
run_20260907_140421,3,100,12,200,24,15,0.625
run_20260907_140421,3,100,12,500,24,13,0.5416666666666666
run_20260907_140421,3,100,12,1000,24,15,0.625
run_20260907_140421,3,100,12,1400,24,14,0.5833333333333334
run_20260907_140421,3,160,6,-155,24,23,0.9583333333333334
run_20260907_140421,3,160,6,-135,24,22,0.9166666666666666
run_20260907_140421,3,160,6,120,24,23,0.9583333333333334
run_20260907_140421,3,160,6,135,24,21,0.875
run_20260907_140421,3,160,6,155,24,23,0.9583333333333334
run_20260907_140421,3,160,6,200,24,22,0.9166666666666666
run_20260907_140421,3,160,6,500,24,21,0.875
run_20260907_140421,3,160,6,1000,24,23,0.9583333333333334
run_20260907_140421,3,160,6,1400,24,23,0.9583333333333334
run_20260907_140421,3,160,12,-155,24,23,0.9583333333333334
run_20260907_140421,3,160,12,-135,24,20,0.8333333333333334
run_20260907_140421,3,160,12,120,24,23,0.9583333333333334
run_20260907_140421,3,160,12,135,24,23,0.9583333333333334
run_20260907_140421,3,160,12,155,24,24,1.0
run_20260907_140421,3,160,12,200,24,24,1.0
run_20260907_140421,3,160,12,500,24,21,0.875
run_20260907_140421,3,160,12,1000,24,20,0.8333333333333334
run_20260907_140421,3,160,12,1400,24,23,0.9583333333333334
run_20260909_142637,2,100,6,-155,24,21,0.875
run_20260909_142637,2,100,6,-135,24,22,0.9166666666666666
run_20260909_142637,2,100,6,120,24,23,0.9583333333333334
run_20260909_142637,2,100,6,135,24,23,0.9583333333333334
run_20260909_142637,2,100,6,155,24,21,0.875
run_20260909_142637,2,100,6,200,24,22,0.9166666666666666
run_20260909_142637,2,100,6,500,24,22,0.9166666666666666
run_20260909_142637,2,100,6,1000,24,22,0.9166666666666666
run_20260909_142637,2,100,6,1400,24,23,0.9583333333333334
run_20260909_142637,2,100,12,-155,24,21,0.875
run_20260909_142637,2,100,12,-135,24,23,0.9583333333333334
run_20260909_142637,2,100,12,120,24,22,0.9166666666666666
run_20260909_142637,2,100,12,135,24,21,0.875
run_20260909_142637,2,100,12,155,24,19,0.7916666666666666
run_20260909_142637,2,100,12,200,24,22,0.9166666666666666
run_20260909_142637,2,100,12,500,24,23,0.9583333333333334
run_20260909_142637,2,100,12,1000,24,23,0.9583333333333334
run_20260909_142637,2,100,12,1400,24,22,0.9166666666666666
run_20260909_142637,2,160,6,-155,24,23,0.9583333333333334
run_20260909_142637,2,160,6,-135,24,24,1.0
run_20260909_142637,2,160,6,120,24,23,0.9583333333333334
run_20260909_142637,2,160,6,135,24,24,1.0
run_20260909_142637,2,160,6,155,24,24,1.0
run_20260909_142637,2,160,6,200,24,24,1.0
run_20260909_142637,2,160,6,500,24,23,0.9583333333333334
run_20260909_142637,2,160,6,1000,24,24,1.0
run_20260909_142637,2,160,6,1400,24,24,1.0
run_20260909_142637,2,160,12,-155,24,24,1.0
run_20260909_142637,2,160,12,-135,24,24,1.0
run_20260909_142637,2,160,12,120,24,23,0.9583333333333334
run_20260909_142637,2,160,12,135,24,24,1.0
run_20260909_142637,2,160,12,155,24,22,0.9166666666666666
run_20260909_142637,2,160,12,200,24,24,1.0
run_20260909_142637,2,160,12,500,24,24,1.0
run_20260909_142637,2,160,12,1000,24,24,1.0
run_20260909_142637,2,160,12,1400,24,24,1.0
run_20260909_142637,3,100,6,-155,24,22,0.9166666666666666
run_20260909_142637,3,100,6,-135,24,23,0.9583333333333334
run_20260909_142637,3,100,6,120,24,24,1.0
run_20260909_142637,3,100,6,135,24,24,1.0
run_20260909_142637,3,100,6,155,24,23,0.9583333333333334
run_20260909_142637,3,100,6,200,24,24,1.0
run_20260909_142637,3,100,6,500,24,24,1.0
run_20260909_142637,3,100,6,1000,24,23,0.9583333333333334
run_20260909_142637,3,100,6,1400,24,24,1.0
run_20260909_142637,3,100,12,-155,24,22,0.9166666666666666
run_20260909_142637,3,100,12,-135,24,22,0.9166666666666666
run_20260909_142637,3,100,12,120,24,24,1.0
run_20260909_142637,3,100,12,135,24,23,0.9583333333333334
run_20260909_142637,3,100,12,155,24,22,0.9166666666666666
run_20260909_142637,3,100,12,200,24,23,0.9583333333333334
run_20260909_142637,3,100,12,500,24,22,0.9166666666666666
run_20260909_142637,3,100,12,1000,24,20,0.8333333333333334
run_20260909_142637,3,100,12,1400,24,22,0.9166666666666666
run_20260909_142637,3,160,6,-155,24,23,0.9583333333333334
run_20260909_142637,3,160,6,-135,24,24,1.0
run_20260909_142637,3,160,6,120,24,24,1.0
run_20260909_142637,3,160,6,135,24,24,1.0
run_20260909_142637,3,160,6,155,24,24,1.0
run_20260909_142637,3,160,6,200,24,24,1.0
run_20260909_142637,3,160,6,500,24,24,1.0
run_20260909_142637,3,160,6,1000,24,23,0.9583333333333334
run_20260909_142637,3,160,6,1400,24,23,0.9583333333333334
run_20260909_142637,3,160,12,-155,24,23,0.9583333333333334
run_20260909_142637,3,160,12,-135,24,24,1.0
run_20260909_142637,3,160,12,120,24,24,1.0
run_20260909_142637,3,160,12,135,24,24,1.0
run_20260909_142637,3,160,12,155,24,24,1.0
run_20260909_142637,3,160,12,200,24,24,1.0
run_20260909_142637,3,160,12,500,24,24,1.0
run_20260909_142637,3,160,12,1000,24,22,0.9166666666666666
run_20260909_142637,3,160,12,1400,24,24,1.0
