uid,run,algorithm_status,figure,row,reviewer,morphology_label,comment
Datos/Med_con_Decaimientos/Med Decaimiento 1/run_20260903_152154_idx16_selected.txt::block57::event6556,run_20260903_152154,accepted,review_run_20260903_152154.png,1,"Codex, inspección visual no ciega; no validación experta ni identidad física",compatible,"Inspección visual del pulso inicial; etiqueta morfológica, no partícula."
Datos/Med_con_Decaimientos/Med Decaimiento 1/run_20260903_152154_idx8_selected.txt::block131::event3545,run_20260903_152154,accepted,review_run_20260903_152154.png,2,"Codex, inspección visual no ciega; no validación experta ni identidad física",compatible,"Inspección visual del pulso inicial; etiqueta morfológica, no partícula."
Datos/Med_con_Decaimientos/Med Decaimiento 1/run_20260903_152154_idx30_selected.txt::block89::event21493,run_20260903_152154,ambiguous,review_run_20260903_152154.png,3,"Codex, inspección visual no ciega; no validación experta ni identidad física",clipped_uncertain,"Inspección visual del pulso inicial; etiqueta morfológica, no partícula."
Datos/Med_con_Decaimientos/Med Decaimiento 1/run_20260903_152154_idx43_selected.txt::block22::event44076,run_20260903_152154,ambiguous,review_run_20260903_152154.png,4,"Codex, inspección visual no ciega; no validación experta ni identidad física",clipped_uncertain,"Inspección visual del pulso inicial; etiqueta morfológica, no partícula."
Datos/Med_con_Decaimientos/Med Decaimiento 1/run_20260903_152154_idx19_selected.txt::block100::event8135,run_20260903_152154,excluded,review_run_20260903_152154.png,5,"Codex, inspección visual no ciega; no validación experta ni identidad física",artifact_burst,"Inspección visual del pulso inicial; etiqueta morfológica, no partícula."
Datos/Med_con_Decaimientos/Med Decaimiento 1/run_20260903_152154_idx19_selected.txt::block103::event8168,run_20260903_152154,excluded,review_run_20260903_152154.png,6,"Codex, inspección visual no ciega; no validación experta ni identidad física",artifact_burst,"Inspección visual del pulso inicial; etiqueta morfológica, no partícula."
Datos/Med_con_Decaimientos/con plomo/run_20260903_184041_idx0_selected.txt::block145::event394,run_20260903_184041,accepted,review_run_20260903_184041.png,1,"Codex, inspección visual no ciega; no validación experta ni identidad física",compatible,"Inspección visual del pulso inicial; etiqueta morfológica, no partícula."
Datos/Med_con_Decaimientos/con plomo/run_20260903_184041_idx0_selected.txt::block140::event386,run_20260903_184041,accepted,review_run_20260903_184041.png,2,"Codex, inspección visual no ciega; no validación experta ni identidad física",compatible,"Inspección visual del pulso inicial; etiqueta morfológica, no partícula."
Datos/Med_con_Decaimientos/con plomo/run_20260903_184041_idx0_selected.txt::block139::event381,run_20260903_184041,ambiguous,review_run_20260903_184041.png,3,"Codex, inspección visual no ciega; no validación experta ni identidad física",compatible_low_snr,"Inspección visual del pulso inicial; etiqueta morfológica, no partícula."
Datos/Med_con_Decaimientos/PAblo/run_20260904_134314_idx546_selected.txt::block119::event221554,run_20260904_134314,accepted,review_run_20260904_134314.png,1,"Codex, inspección visual no ciega; no validación experta ni identidad física",compatible,"Inspección visual del pulso inicial; etiqueta morfológica, no partícula."
Datos/Med_con_Decaimientos/PAblo/run_20260904_134314_idx669_selected.txt::block18::event270959,run_20260904_134314,accepted,review_run_20260904_134314.png,2,"Codex, inspección visual no ciega; no validación experta ni identidad física",compatible,"Inspección visual del pulso inicial; etiqueta morfológica, no partícula."
Datos/Med_con_Decaimientos/PAblo/run_20260904_134314_idx592_selected.txt::block21::event239779,run_20260904_134314,ambiguous,review_run_20260904_134314.png,3,"Codex, inspección visual no ciega; no validación experta ni identidad física",clipped_uncertain,"Inspección visual del pulso inicial; etiqueta morfológica, no partícula."
Datos/Med_con_Decaimientos/PAblo/run_20260904_134314_idx842_selected.txt::block48::event341744,run_20260904_134314,ambiguous,review_run_20260904_134314.png,4,"Codex, inspección visual no ciega; no validación experta ni identidad física",clipped_uncertain,"Inspección visual del pulso inicial; etiqueta morfológica, no partícula."
Datos/Med_con_Decaimientos/PAblo/run_20260904_134314_idx590_selected.txt::block65::event239056,run_20260904_134314,excluded,review_run_20260904_134314.png,5,"Codex, inspección visual no ciega; no validación experta ni identidad física",uncertain_narrow,"Inspección visual del pulso inicial; etiqueta morfológica, no partícula. Conservar en revisión: exclusión potencialmente falsa o incierta."
Datos/Med_con_Decaimientos/PAblo/run_20260904_134314_idx428_selected.txt::block118::event174260,run_20260904_134314,excluded,review_run_20260904_134314.png,6,"Codex, inspección visual no ciega; no validación experta ni identidad física",uncertain_coincidence,"Inspección visual del pulso inicial; etiqueta morfológica, no partícula. Conservar en revisión: exclusión potencialmente falsa o incierta."
Datos/Med_con_Decaimientos/7-9_9-9/run_20260907_140421_idx230_selected.txt::block124::event100616,run_20260907_140421,accepted,review_run_20260907_140421.png,1,"Codex, inspección visual no ciega; no validación experta ni identidad física",compatible,"Inspección visual del pulso inicial; etiqueta morfológica, no partícula."
Datos/Med_con_Decaimientos/7-9_9-9/run_20260907_140421_idx194_selected.txt::block80::event84833,run_20260907_140421,accepted,review_run_20260907_140421.png,2,"Codex, inspección visual no ciega; no validación experta ni identidad física",compatible,"Inspección visual del pulso inicial; etiqueta morfológica, no partícula."
Datos/Med_con_Decaimientos/7-9_9-9/run_20260907_140421_idx444_selected.txt::block25::event192485,run_20260907_140421,ambiguous,review_run_20260907_140421.png,3,"Codex, inspección visual no ciega; no validación experta ni identidad física",compatible_low_snr,"Inspección visual del pulso inicial; etiqueta morfológica, no partícula."
Datos/Med_con_Decaimientos/7-9_9-9/run_20260907_140421_idx275_selected.txt::block129::event120073,run_20260907_140421,ambiguous,review_run_20260907_140421.png,4,"Codex, inspección visual no ciega; no validación experta ni identidad física",compatible_low_snr,"Inspección visual del pulso inicial; etiqueta morfológica, no partícula."
Datos/Med_con_Decaimientos/7-9_9-9/run_20260907_140421_idx46_selected.txt::block71::event20144,run_20260907_140421,excluded,review_run_20260907_140421.png,5,"Codex, inspección visual no ciega; no validación experta ni identidad física",uncertain_narrow,"Inspección visual del pulso inicial; etiqueta morfológica, no partícula. Conservar en revisión: exclusión potencialmente falsa o incierta."
Datos/Med_con_Decaimientos/7-9_9-9/run_20260907_140421_idx176_selected.txt::block57::event76854,run_20260907_140421,excluded,review_run_20260907_140421.png,6,"Codex, inspección visual no ciega; no validación experta ni identidad física",uncertain_narrow,"Inspección visual del pulso inicial; etiqueta morfológica, no partícula. Conservar en revisión: exclusión potencialmente falsa o incierta."
Datos/Med_con_Decaimientos/9-9_10-9/run_20260909_142637_idx255_selected.txt::block58::event104340,run_20260909_142637,accepted,review_run_20260909_142637.png,1,"Codex, inspección visual no ciega; no validación experta ni identidad física",compatible,"Inspección visual del pulso inicial; etiqueta morfológica, no partícula."
Datos/Med_con_Decaimientos/9-9_10-9/run_20260909_142637_idx202_selected.txt::block25::event83063,run_20260909_142637,accepted,review_run_20260909_142637.png,2,"Codex, inspección visual no ciega; no validación experta ni identidad física",compatible,"Inspección visual del pulso inicial; etiqueta morfológica, no partícula."
Datos/Med_con_Decaimientos/9-9_10-9/run_20260909_142637_idx49_selected.txt::block110::event20301,run_20260909_142637,ambiguous,review_run_20260909_142637.png,3,"Codex, inspección visual no ciega; no validación experta ni identidad física",compatible_low_snr,"Inspección visual del pulso inicial; etiqueta morfológica, no partícula."
Datos/Med_con_Decaimientos/9-9_10-9/run_20260909_142637_idx119_selected.txt::block4::event49101,run_20260909_142637,ambiguous,review_run_20260909_142637.png,4,"Codex, inspección visual no ciega; no validación experta ni identidad física",clipped_uncertain,"Inspección visual del pulso inicial; etiqueta morfológica, no partícula."
Datos/Med_con_Decaimientos/9-9_10-9/run_20260909_142637_idx10_selected.txt::block85::event4354,run_20260909_142637,excluded,review_run_20260909_142637.png,5,"Codex, inspección visual no ciega; no validación experta ni identidad física",artifact_burst,"Inspección visual del pulso inicial; etiqueta morfológica, no partícula."
Datos/Med_con_Decaimientos/9-9_10-9/run_20260909_142637_idx84_selected.txt::block122::event34708,run_20260909_142637,excluded,review_run_20260909_142637.png,6,"Codex, inspección visual no ciega; no validación experta ni identidad física",uncertain_narrow,"Inspección visual del pulso inicial; etiqueta morfológica, no partícula. Conservar en revisión: exclusión potencialmente falsa o incierta."
