run,population,parents,off_exposure_ns,on_exposure_ns,off,matched_on,on,automatic_v1,off_rate_per_us,projected_background,projected_low95,projected_high95,paired_equal_rate_p
run_20260903_152154,no3,2386,118131.69699999959,3054080.0,0,0,7,7,0.0,0.0,0.0,95.36926370591567,1.0
run_20260903_152154,triple,2141,106210.11199999962,2740480.0,0,0,0,1,0.0,0.0,0.0,95.18208931377639,1.0
run_20260903_184041,no3,91,4512.168,116480.0,0,0,0,0,0.0,0.0,0.0,95.22710121059129,1.0
run_20260903_184041,triple,46,2283.69,58880.0,0,0,0,0,0.0,0.0,0.0,95.10976632477634,1.0
run_20260904_134314,no3,30329,1516405.4810000008,38821120.0,1,7,62,70,0.0006594542241700059,25.600751571010694,0.6481549125283561,142.63825829369034,0.0703125
run_20260904_134314,triple,27935,1396730.5440000002,35756800.0,0,2,30,30,0.0,0.0,0.0,94.43662947837785,0.5
run_20260907_140421,no3,37572,1871928.6770000542,48092160.0,2,5,68,74,0.0010684167749410156,51.382470487147316,6.222655553249261,185.61115043284178,0.453125
run_20260907_140421,triple,28889,1440810.7680000241,36977920.0,0,0,18,22,0.0,0.0,0.0,94.6738408494921,1.0
run_20260909_142637,no3,17537,870715.4240000074,22447360.0,0,3,44,46,0.0,0.0,0.0,95.10065265950576,0.25
run_20260909_142637,triple,16462,818846.2450000065,21071360.0,0,1,17,17,0.0,0.0,0.0,94.92588803925895,1.0
