uid,event_id,pulse_id,channel,sample,time_ns,voltage_mV,status,reasons
Datos/Med_con_Decaimientos/decaimientos.txt::block26::event26,26,2,2,1010,1676.758,-148.3,ambiguous,edge_truncated
Datos/Med_con_Decaimientos/decaimientos.txt::block47::event47,47,2,2,1004,1666.797,-275.7,ambiguous,edge_truncated
Datos/Med_con_Decaimientos/decaimientos.txt::block58::event58,58,9,3,999,1658.496,-151.9,accepted,
Datos/Med_con_Decaimientos/decaimientos.txt::block68::event68,68,4,2,1004,1666.797,-92.6,ambiguous,edge_truncated
Datos/Med_con_Decaimientos/decaimientos.txt::block68::event68,68,5,2,1008,1673.438,-74.2,ambiguous,below_analysis_threshold;edge_truncated
Datos/Med_con_Decaimientos/decaimientos.txt::block94::event94,94,4,2,1001,1661.816,-98.3,accepted,
Datos/Med_con_Decaimientos/decaimientos.txt::block116::event116,116,2,3,991,1645.215,-153.3,accepted,
Datos/Med_con_Decaimientos/decaimientos.txt::block183::event183,183,3,2,1004,1666.797,-228.6,ambiguous,edge_truncated
Datos/Med_con_Decaimientos/decaimientos.txt::block187::event187,187,4,2,987,1638.574,-90.7,accepted,
Datos/Med_con_Decaimientos/decaimientos.txt::block227::event227,227,4,2,1013,1681.738,-194.9,ambiguous,edge_truncated
Datos/Med_con_Decaimientos/decaimientos.txt::block238::event238,238,2,2,997,1655.176,-96.0,accepted,
Datos/Med_con_Decaimientos/decaimientos.txt::block242::event242,242,2,2,1006,1670.117,-152.0,ambiguous,edge_truncated
Datos/Med_con_Decaimientos/decaimientos.txt::block251::event251,251,3,2,975,1618.652,-415.9,accepted,
Datos/Med_con_Decaimientos/decaimientos.txt::block262::event262,262,3,3,975,1618.652,-132.2,accepted,
Datos/Med_con_Decaimientos/decaimientos.txt::block344::event344,344,4,3,1005,1668.457,-145.7,ambiguous,edge_truncated
Datos/Med_con_Decaimientos/decaimientos.txt::block373::event373,373,2,2,1020,1693.359,-156.1,ambiguous,edge_truncated
Datos/Med_con_Decaimientos/decaimientos.txt::block428::event428,428,3,2,997,1655.176,-116.7,accepted,
Datos/Med_con_Decaimientos/decaimientos.txt::block433::event433,433,2,2,986,1636.914,-141.6,accepted,
Datos/Med_con_Decaimientos/decaimientos.txt::block436::event436,436,2,2,996,1653.516,-105.0,accepted,
Datos/Med_con_Decaimientos/decaimientos.txt::block450::event450,450,2,3,1005,1668.457,-108.9,ambiguous,edge_truncated
Datos/Med_con_Decaimientos/decaimientos.txt::block458::event458,458,2,2,982,1630.273,-114.3,accepted,
Datos/Med_con_Decaimientos/decaimientos.txt::block476::event476,476,2,2,1003,1665.137,-129.6,ambiguous,edge_truncated
Datos/Med_con_Decaimientos/decaimientos.txt::block663::event663,663,4,2,998,1656.836,-128.7,accepted,
Datos/Med_con_Decaimientos/decaimientos.txt::block680::event680,680,2,2,1006,1670.117,-145.3,ambiguous,edge_truncated
Datos/Med_con_Decaimientos/decaimientos.txt::block692::event692,692,2,2,995,1651.855,-143.1,accepted,
Datos/Med_con_Decaimientos/decaimientos.txt::block709::event709,709,3,2,984,1633.594,-94.3,accepted,
Datos/Med_con_Decaimientos/decaimientos.txt::block737::event737,737,5,2,1018,1690.039,-157.2,ambiguous,edge_truncated
Datos/Med_con_Decaimientos/decaimientos.txt::block758::event758,758,3,2,974,1616.992,-123.7,accepted,
