uid,event_id,source,n_samples,delay_ns,lower_ns,upper_ns,record_end_ns,weight,decision_origin,user_quality_decision
Datos/Med_con_Decaimientos/decaimientos.txt::block1::event1,1,Datos/Med_con_Decaimientos/decaimientos.txt,1024,142.77400000000003,120,1470.86,1480.86,1,frozen_selection,
Datos/Med_con_Decaimientos/decaimientos.txt::block2::event2,2,Datos/Med_con_Decaimientos/decaimientos.txt,1024,431.64,120,1477.5,1487.5,1,frozen_selection,
Datos/Med_con_Decaimientos/decaimientos.txt::block4::event4,4,Datos/Med_con_Decaimientos/decaimientos.txt,1024,283.88599999999997,120,1479.1599999999999,1489.1599999999999,1,frozen_selection,
Datos/Med_con_Decaimientos/decaimientos.txt::block5::event5,5,Datos/Med_con_Decaimientos/decaimientos.txt,1024,127.83200000000002,120,1487.461,1497.461,1,frozen_selection,
Datos/Med_con_Decaimientos/decaimientos.txt::block6::event6,6,Datos/Med_con_Decaimientos/decaimientos.txt,1024,762.0110000000001,120,1469.1989999999998,1479.1989999999998,1,frozen_selection,
Datos/Med_con_Decaimientos/decaimientos.txt::block8::event8,8,Datos/Med_con_Decaimientos/decaimientos.txt,1024,969.5310000000001,120,1477.5,1487.5,1,user_export,accept_quality
Datos/Med_con_Decaimientos/decaimientos.txt::block10::event10,10,Datos/Med_con_Decaimientos/decaimientos.txt,1024,830.079,120,1470.86,1480.86,1,frozen_selection,
Datos/Med_con_Decaimientos/decaimientos.txt::block11::event11,11,Datos/Med_con_Decaimientos/decaimientos.txt,1024,891.5039999999999,120,1470.86,1480.86,1,frozen_selection,
Datos/Med_con_Decaimientos/decaimientos.txt::block13::event13,13,Datos/Med_con_Decaimientos/decaimientos.txt,1024,425.0,120,1485.801,1495.801,1,frozen_selection,
Datos/Med_con_Decaimientos/decaimientos.txt::block15::event15,15,Datos/Med_con_Decaimientos/decaimientos.txt,1024,576.074,120,1475.84,1485.84,1,frozen_selection,
Datos/Med_con_Decaimientos/decaimientos.txt::block16::event16,16,Datos/Med_con_Decaimientos/decaimientos.txt,1024,1079.102,120,1482.481,1492.481,1,frozen_selection,
Datos/Med_con_Decaimientos/decaimientos.txt::block17::event17,17,Datos/Med_con_Decaimientos/decaimientos.txt,1024,735.4490000000001,120,1479.1599999999999,1489.1599999999999,1,frozen_selection,
Datos/Med_con_Decaimientos/decaimientos.txt::block19::event19,19,Datos/Med_con_Decaimientos/decaimientos.txt,1024,891.5039999999999,120,1475.84,1485.84,1,frozen_selection,
Datos/Med_con_Decaimientos/decaimientos.txt::block22::event22,22,Datos/Med_con_Decaimientos/decaimientos.txt,1024,310.44900000000007,120,1474.1799999999998,1484.1799999999998,1,frozen_selection,
Datos/Med_con_Decaimientos/decaimientos.txt::block23::event23,23,Datos/Med_con_Decaimientos/decaimientos.txt,1024,179.297,120,1477.5,1487.5,1,user_export,accept_quality
Datos/Med_con_Decaimientos/decaimientos.txt::block25::event25,25,Datos/Med_con_Decaimientos/decaimientos.txt,1024,446.582,120,1482.481,1492.481,1,frozen_selection,
Datos/Med_con_Decaimientos/decaimientos.txt::block26::event26,26,Datos/Med_con_Decaimientos/decaimientos.txt,1024,1462.598,120,1474.1799999999998,1484.1799999999998,1,user_export,accept_quality
Datos/Med_con_Decaimientos/decaimientos.txt::block27::event27,27,Datos/Med_con_Decaimientos/decaimientos.txt,1024,557.8130000000001,120,1472.52,1482.52,1,frozen_selection,
Datos/Med_con_Decaimientos/decaimientos.txt::block29::event29,29,Datos/Med_con_Decaimientos/decaimientos.txt,1024,197.55799999999996,120,1480.82,1490.82,1,frozen_selection,
Datos/Med_con_Decaimientos/decaimientos.txt::block30::event30,30,Datos/Med_con_Decaimientos/decaimientos.txt,1024,1196.972,120,1480.82,1490.82,1,frozen_selection,
Datos/Med_con_Decaimientos/decaimientos.txt::block32::event32,32,Datos/Med_con_Decaimientos/decaimientos.txt,1024,370.21500000000003,120,1470.86,1480.86,1,frozen_selection,
Datos/Med_con_Decaimientos/decaimientos.txt::block36::event36,36,Datos/Med_con_Decaimientos/decaimientos.txt,1024,994.434,120,1470.86,1480.86,1,frozen_selection,
Datos/Med_con_Decaimientos/decaimientos.txt::block38::event38,38,Datos/Med_con_Decaimientos/decaimientos.txt,1024,730.4689999999999,120,1482.481,1492.481,1,user_export,accept_quality
Datos/Med_con_Decaimientos/decaimientos.txt::block39::event39,39,Datos/Med_con_Decaimientos/decaimientos.txt,1024,758.692,120,1472.52,1482.52,1,frozen_selection,
Datos/Med_con_Decaimientos/decaimientos.txt::block42::event42,42,Datos/Med_con_Decaimientos/decaimientos.txt,1024,644.1410000000001,120,1484.1409999999998,1494.1409999999998,1,user_export,accept_quality
Datos/Med_con_Decaimientos/decaimientos.txt::block43::event43,43,Datos/Med_con_Decaimientos/decaimientos.txt,1024,757.0319999999999,120,1470.86,1480.86,1,frozen_selection,
Datos/Med_con_Decaimientos/decaimientos.txt::block45::event45,45,Datos/Med_con_Decaimientos/decaimientos.txt,1024,686.475,120,1485.801,1495.801,1,frozen_selection,
Datos/Med_con_Decaimientos/decaimientos.txt::block47::event47,47,Datos/Med_con_Decaimientos/decaimientos.txt,1024,1449.317,120,1470.86,1480.86,1,user_export,accept_quality
Datos/Med_con_Decaimientos/decaimientos.txt::block49::event49,49,Datos/Med_con_Decaimientos/decaimientos.txt,1024,670.703,120,1485.801,1495.801,1,frozen_selection,
Datos/Med_con_Decaimientos/decaimientos.txt::block50::event50,50,Datos/Med_con_Decaimientos/decaimientos.txt,1024,1338.086,120,1484.1409999999998,1494.1409999999998,1,frozen_selection,
Datos/Med_con_Decaimientos/decaimientos.txt::block51::event51,51,Datos/Med_con_Decaimientos/decaimientos.txt,1024,323.73,120,1480.82,1490.82,1,frozen_selection,
Datos/Med_con_Decaimientos/decaimientos.txt::block52::event52,52,Datos/Med_con_Decaimientos/decaimientos.txt,1024,139.45299999999997,120,1475.84,1485.84,1,frozen_selection,
Datos/Med_con_Decaimientos/decaimientos.txt::block55::event55,55,Datos/Med_con_Decaimientos/decaimientos.txt,1024,481.44499999999994,120,1487.461,1497.461,1,frozen_selection,
Datos/Med_con_Decaimientos/decaimientos.txt::block56::event56,56,Datos/Med_con_Decaimientos/decaimientos.txt,1024,365.234,120,1479.1599999999999,1489.1599999999999,1,user_message_approve_all_mixed_weak_seeds,accept_quality
Datos/Med_con_Decaimientos/decaimientos.txt::block57::event57,57,Datos/Med_con_Decaimientos/decaimientos.txt,1024,1270.02,120,1482.481,1492.481,1,frozen_selection,
Datos/Med_con_Decaimientos/decaimientos.txt::block58::event58,58,Datos/Med_con_Decaimientos/decaimientos.txt,1024,1439.355,120,1469.1989999999998,1479.1989999999998,1,user_export,accept_quality
Datos/Med_con_Decaimientos/decaimientos.txt::block59::event59,59,Datos/Med_con_Decaimientos/decaimientos.txt,1024,825.098,120,1470.86,1480.86,1,frozen_selection,
Datos/Med_con_Decaimientos/decaimientos.txt::block60::event60,60,Datos/Med_con_Decaimientos/decaimientos.txt,1024,197.55800000000002,120,1477.5,1487.5,1,frozen_selection,
Datos/Med_con_Decaimientos/decaimientos.txt::block61::event61,61,Datos/Med_con_Decaimientos/decaimientos.txt,1024,1044.238,120,1480.82,1490.82,1,frozen_selection,
Datos/Med_con_Decaimientos/decaimientos.txt::block62::event62,62,Datos/Med_con_Decaimientos/decaimientos.txt,1024,848.34,120,1487.461,1497.461,1,frozen_selection,
Datos/Med_con_Decaimientos/decaimientos.txt::block63::event63,63,Datos/Med_con_Decaimientos/decaimientos.txt,1024,634.18,120,1475.84,1485.84,1,frozen_selection,
Datos/Med_con_Decaimientos/decaimientos.txt::block64::event64,64,Datos/Med_con_Decaimientos/decaimientos.txt,1024,848.3399999999999,120,1479.1599999999999,1489.1599999999999,1,frozen_selection,
Datos/Med_con_Decaimientos/decaimientos.txt::block65::event65,65,Datos/Med_con_Decaimientos/decaimientos.txt,1024,803.5160000000001,120,1484.1409999999998,1494.1409999999998,1,frozen_selection,
Datos/Med_con_Decaimientos/decaimientos.txt::block66::event66,66,Datos/Med_con_Decaimientos/decaimientos.txt,1024,184.277,120,1479.1599999999999,1489.1599999999999,1,frozen_selection,
Datos/Med_con_Decaimientos/decaimientos.txt::block67::event67,67,Datos/Med_con_Decaimientos/decaimientos.txt,1024,1296.5819999999999,120,1479.1599999999999,1489.1599999999999,1,frozen_selection,
Datos/Med_con_Decaimientos/decaimientos.txt::block68::event68,68,Datos/Med_con_Decaimientos/decaimientos.txt,1024,1449.3165000000001,120,1467.539,1477.539,1,user_export,accept_quality
Datos/Med_con_Decaimientos/decaimientos.txt::block70::event70,70,Datos/Med_con_Decaimientos/decaimientos.txt,1024,175.97599999999997,120,1480.82,1490.82,1,frozen_selection,
Datos/Med_con_Decaimientos/decaimientos.txt::block71::event71,71,Datos/Med_con_Decaimientos/decaimientos.txt,1024,620.899,120,1482.481,1492.481,1,frozen_selection,
Datos/Med_con_Decaimientos/decaimientos.txt::block72::event72,72,Datos/Med_con_Decaimientos/decaimientos.txt,1024,132.81199999999998,120,1480.82,1490.82,1,frozen_selection,
Datos/Med_con_Decaimientos/decaimientos.txt::block73::event73,73,Datos/Med_con_Decaimientos/decaimientos.txt,1024,273.926,120,1484.1409999999998,1494.1409999999998,1,frozen_selection,
Datos/Med_con_Decaimientos/decaimientos.txt::block74::event74,74,Datos/Med_con_Decaimientos/decaimientos.txt,1024,1223.536,120,1482.481,1492.481,1,frozen_selection,
Datos/Med_con_Decaimientos/decaimientos.txt::block75::event75,75,Datos/Med_con_Decaimientos/decaimientos.txt,1024,345.313,120,1470.86,1480.86,1,frozen_selection,
Datos/Med_con_Decaimientos/decaimientos.txt::block77::event77,77,Datos/Med_con_Decaimientos/decaimientos.txt,1024,234.08200000000002,120,1477.5,1487.5,1,frozen_selection,
Datos/Med_con_Decaimientos/decaimientos.txt::block78::event78,78,Datos/Med_con_Decaimientos/decaimientos.txt,1024,582.7149999999999,120,1484.1409999999998,1494.1409999999998,1,user_message_approve_all_mixed_weak_seeds,accept_quality
Datos/Med_con_Decaimientos/decaimientos.txt::block79::event79,79,Datos/Med_con_Decaimientos/decaimientos.txt,1024,381.836,120,1482.481,1492.481,1,frozen_selection,
Datos/Med_con_Decaimientos/decaimientos.txt::block80::event80,80,Datos/Med_con_Decaimientos/decaimientos.txt,1024,986.1319999999998,120,1479.1599999999999,1489.1599999999999,1,user_export,accept_quality
Datos/Med_con_Decaimientos/decaimientos.txt::block82::event82,82,Datos/Med_con_Decaimientos/decaimientos.txt,1024,1172.07,120,1479.1599999999999,1489.1599999999999,1,frozen_selection,
Datos/Med_con_Decaimientos/decaimientos.txt::block84::event84,84,Datos/Med_con_Decaimientos/decaimientos.txt,1024,244.04299999999998,120,1482.481,1492.481,1,user_message_approve_all_mixed_weak_seeds,accept_quality
Datos/Med_con_Decaimientos/decaimientos.txt::block88::event88,88,Datos/Med_con_Decaimientos/decaimientos.txt,1024,454.883,120,1484.1409999999998,1494.1409999999998,1,frozen_selection,
Datos/Med_con_Decaimientos/decaimientos.txt::block89::event89,89,Datos/Med_con_Decaimientos/decaimientos.txt,1024,318.74999999999994,120,1479.1599999999999,1489.1599999999999,1,frozen_selection,
Datos/Med_con_Decaimientos/decaimientos.txt::block90::event90,90,Datos/Med_con_Decaimientos/decaimientos.txt,1024,893.164,120,1484.1409999999998,1494.1409999999998,1,frozen_selection,
Datos/Med_con_Decaimientos/decaimientos.txt::block91::event91,91,Datos/Med_con_Decaimientos/decaimientos.txt,1024,788.574,120,1477.5,1487.5,1,frozen_selection,
Datos/Med_con_Decaimientos/decaimientos.txt::block93::event93,93,Datos/Med_con_Decaimientos/decaimientos.txt,1024,1221.875,120,1465.879,1475.879,1,frozen_selection,
Datos/Med_con_Decaimientos/decaimientos.txt::block94::event94,94,Datos/Med_con_Decaimientos/decaimientos.txt,1024,1455.957,120,1482.481,1492.481,1,frozen_selection,
Datos/Med_con_Decaimientos/decaimientos.txt::block97::event97,97,Datos/Med_con_Decaimientos/decaimientos.txt,1024,1057.52,120,1464.2189999999998,1474.2189999999998,1,frozen_selection,
Datos/Med_con_Decaimientos/decaimientos.txt::block99::event99,99,Datos/Med_con_Decaimientos/decaimientos.txt,1024,1182.0320000000002,120,1472.52,1482.52,1,frozen_selection,
Datos/Med_con_Decaimientos/decaimientos.txt::block100::event100,100,Datos/Med_con_Decaimientos/decaimientos.txt,1024,1376.269,120,1477.5,1487.5,1,frozen_selection,
Datos/Med_con_Decaimientos/decaimientos.txt::block101::event101,101,Datos/Med_con_Decaimientos/decaimientos.txt,1024,781.9340000000001,120,1474.1799999999998,1484.1799999999998,1,frozen_selection,
Datos/Med_con_Decaimientos/decaimientos.txt::block102::event102,102,Datos/Med_con_Decaimientos/decaimientos.txt,1024,602.637,120,1470.86,1480.86,1,frozen_selection,
Datos/Med_con_Decaimientos/decaimientos.txt::block103::event103,103,Datos/Med_con_Decaimientos/decaimientos.txt,1024,1220.215,120,1470.86,1480.86,1,frozen_selection,
Datos/Med_con_Decaimientos/decaimientos.txt::block108::event108,108,Datos/Med_con_Decaimientos/decaimientos.txt,1024,1374.6090000000002,120,1467.539,1477.539,1,frozen_selection,
Datos/Med_con_Decaimientos/decaimientos.txt::block111::event111,111,Datos/Med_con_Decaimientos/decaimientos.txt,1024,403.41800000000006,120,1467.539,1477.539,1,frozen_selection,
Datos/Med_con_Decaimientos/decaimientos.txt::block112::event112,112,Datos/Med_con_Decaimientos/decaimientos.txt,1024,1178.711,120,1470.86,1480.86,1,frozen_selection,
Datos/Med_con_Decaimientos/decaimientos.txt::block114::event114,114,Datos/Med_con_Decaimientos/decaimientos.txt,1024,345.312,120,1475.84,1485.84,1,frozen_selection,
Datos/Med_con_Decaimientos/decaimientos.txt::block115::event115,115,Datos/Med_con_Decaimientos/decaimientos.txt,1024,1309.8629999999998,120,1479.1599999999999,1489.1599999999999,1,frozen_selection,
Datos/Med_con_Decaimientos/decaimientos.txt::block116::event116,116,Datos/Med_con_Decaimientos/decaimientos.txt,1024,1419.434,120,1462.559,1472.559,1,user_export,accept_quality
Datos/Med_con_Decaimientos/decaimientos.txt::block118::event118,118,Datos/Med_con_Decaimientos/decaimientos.txt,1024,380.17599999999993,120,1477.5,1487.5,1,frozen_selection,
Datos/Med_con_Decaimientos/decaimientos.txt::block121::event121,121,Datos/Med_con_Decaimientos/decaimientos.txt,1024,662.402,120,1480.82,1490.82,1,frozen_selection,
Datos/Med_con_Decaimientos/decaimientos.txt::block126::event126,126,Datos/Med_con_Decaimientos/decaimientos.txt,1024,132.812,120,1479.1599999999999,1489.1599999999999,1,frozen_selection,
Datos/Med_con_Decaimientos/decaimientos.txt::block128::event128,128,Datos/Med_con_Decaimientos/decaimientos.txt,1024,552.832,120,1474.1799999999998,1484.1799999999998,1,frozen_selection,
Datos/Med_con_Decaimientos/decaimientos.txt::block129::event129,129,Datos/Med_con_Decaimientos/decaimientos.txt,1024,1172.0700000000002,120,1477.5,1487.5,1,frozen_selection,
Datos/Med_con_Decaimientos/decaimientos.txt::block134::event134,134,Datos/Med_con_Decaimientos/decaimientos.txt,1024,1168.7505,120,1472.52,1482.52,1,user_message_approve_all_mixed_weak_seeds,accept_quality
Datos/Med_con_Decaimientos/decaimientos.txt::block138::event138,138,Datos/Med_con_Decaimientos/decaimientos.txt,1024,200.879,120,1474.1799999999998,1484.1799999999998,1,frozen_selection,
Datos/Med_con_Decaimientos/decaimientos.txt::block139::event139,139,Datos/Med_con_Decaimientos/decaimientos.txt,1024,1281.641,120,1482.481,1492.481,1,frozen_selection,
Datos/Med_con_Decaimientos/decaimientos.txt::block142::event142,142,Datos/Med_con_Decaimientos/decaimientos.txt,1024,121.19199999999998,120,1460.899,1470.899,1,user_export,accept_quality
Datos/Med_con_Decaimientos/decaimientos.txt::block143::event143,143,Datos/Med_con_Decaimientos/decaimientos.txt,1024,1384.57,120,1480.82,1490.82,1,frozen_selection,
Datos/Med_con_Decaimientos/decaimientos.txt::block144::event144,144,Datos/Med_con_Decaimientos/decaimientos.txt,1024,469.82400000000007,120,1485.801,1495.801,1,frozen_selection,
Datos/Med_con_Decaimientos/decaimientos.txt::block145::event145,145,Datos/Med_con_Decaimientos/decaimientos.txt,1024,602.637,120,1475.84,1485.84,1,frozen_selection,
Datos/Med_con_Decaimientos/decaimientos.txt::block147::event147,147,Datos/Med_con_Decaimientos/decaimientos.txt,1024,403.41800000000006,120,1472.52,1482.52,1,frozen_selection,
Datos/Med_con_Decaimientos/decaimientos.txt::block148::event148,148,Datos/Med_con_Decaimientos/decaimientos.txt,1024,903.125,120,1475.84,1485.84,1,frozen_selection,
Datos/Med_con_Decaimientos/decaimientos.txt::block149::event149,149,Datos/Med_con_Decaimientos/decaimientos.txt,1024,376.855,120,1469.1989999999998,1479.1989999999998,1,frozen_selection,
Datos/Med_con_Decaimientos/decaimientos.txt::block150::event150,150,Datos/Med_con_Decaimientos/decaimientos.txt,1024,717.188,120,1492.442,1502.442,1,frozen_selection,
Datos/Med_con_Decaimientos/decaimientos.txt::block155::event155,155,Datos/Med_con_Decaimientos/decaimientos.txt,1024,796.875,120,1472.52,1482.52,1,frozen_selection,
Datos/Med_con_Decaimientos/decaimientos.txt::block156::event156,156,Datos/Med_con_Decaimientos/decaimientos.txt,1024,182.617,120,1487.461,1497.461,1,frozen_selection,
Datos/Med_con_Decaimientos/decaimientos.txt::block157::event157,157,Datos/Med_con_Decaimientos/decaimientos.txt,1024,272.26599999999996,120,1474.1799999999998,1484.1799999999998,1,frozen_selection,
Datos/Med_con_Decaimientos/decaimientos.txt::block158::event158,158,Datos/Med_con_Decaimientos/decaimientos.txt,1024,366.895,120,1475.84,1485.84,1,frozen_selection,
Datos/Med_con_Decaimientos/decaimientos.txt::block159::event159,159,Datos/Med_con_Decaimientos/decaimientos.txt,1024,1205.2730000000001,120,1477.5,1487.5,1,frozen_selection,
Datos/Med_con_Decaimientos/decaimientos.txt::block161::event161,161,Datos/Med_con_Decaimientos/decaimientos.txt,1024,1279.981,120,1472.52,1482.52,1,frozen_selection,
Datos/Med_con_Decaimientos/decaimientos.txt::block163::event163,163,Datos/Med_con_Decaimientos/decaimientos.txt,1024,627.539,120,1475.84,1485.84,1,frozen_selection,
Datos/Med_con_Decaimientos/decaimientos.txt::block164::event164,164,Datos/Med_con_Decaimientos/decaimientos.txt,1024,1198.633,120,1487.461,1497.461,1,frozen_selection,
Datos/Med_con_Decaimientos/decaimientos.txt::block165::event165,165,Datos/Med_con_Decaimientos/decaimientos.txt,1024,277.246,120,1475.84,1485.84,1,frozen_selection,
Datos/Med_con_Decaimientos/decaimientos.txt::block166::event166,166,Datos/Med_con_Decaimientos/decaimientos.txt,1024,821.777,120,1475.84,1485.84,1,frozen_selection,
Datos/Med_con_Decaimientos/decaimientos.txt::block167::event167,167,Datos/Med_con_Decaimientos/decaimientos.txt,1024,254.00400000000002,120,1479.1599999999999,1489.1599999999999,1,frozen_selection,
Datos/Med_con_Decaimientos/decaimientos.txt::block169::event169,169,Datos/Med_con_Decaimientos/decaimientos.txt,1024,634.18,120,1475.84,1485.84,1,frozen_selection,
Datos/Med_con_Decaimientos/decaimientos.txt::block172::event172,172,Datos/Med_con_Decaimientos/decaimientos.txt,1024,996.0939999999999,120,1482.481,1492.481,1,user_message_approve_all_mixed_weak_seeds,accept_quality
Datos/Med_con_Decaimientos/decaimientos.txt::block174::event174,174,Datos/Med_con_Decaimientos/decaimientos.txt,1024,904.7849999999999,120,1484.1409999999998,1494.1409999999998,1,user_message_approve_all_mixed_weak_seeds,accept_quality
Datos/Med_con_Decaimientos/decaimientos.txt::block175::event175,175,Datos/Med_con_Decaimientos/decaimientos.txt,1024,1092.383,120,1467.539,1477.539,1,frozen_selection,
Datos/Med_con_Decaimientos/decaimientos.txt::block177::event177,177,Datos/Med_con_Decaimientos/decaimientos.txt,1024,131.15200000000002,120,1480.82,1490.82,1,frozen_selection,
Datos/Med_con_Decaimientos/decaimientos.txt::block178::event178,178,Datos/Med_con_Decaimientos/decaimientos.txt,1024,428.32000000000005,120,1474.1799999999998,1484.1799999999998,1,frozen_selection,
Datos/Med_con_Decaimientos/decaimientos.txt::block180::event180,180,Datos/Med_con_Decaimientos/decaimientos.txt,1024,766.9920000000001,120,1474.1799999999998,1484.1799999999998,1,user_message_approve_all_mixed_weak_seeds,accept_quality
Datos/Med_con_Decaimientos/decaimientos.txt::block181::event181,181,Datos/Med_con_Decaimientos/decaimientos.txt,1024,1246.778,120,1470.86,1480.86,1,frozen_selection,
Datos/Med_con_Decaimientos/decaimientos.txt::block182::event182,182,Datos/Med_con_Decaimientos/decaimientos.txt,1024,650.781,120,1477.5,1487.5,1,frozen_selection,
Datos/Med_con_Decaimientos/decaimientos.txt::block183::event183,183,Datos/Med_con_Decaimientos/decaimientos.txt,1024,1459.277,120,1480.82,1490.82,1,user_export,accept_quality
Datos/Med_con_Decaimientos/decaimientos.txt::block185::event185,185,Datos/Med_con_Decaimientos/decaimientos.txt,1024,758.692,120,1472.52,1482.52,1,frozen_selection,
Datos/Med_con_Decaimientos/decaimientos.txt::block186::event186,186,Datos/Med_con_Decaimientos/decaimientos.txt,1024,690.625,120,1484.1409999999998,1494.1409999999998,1,frozen_selection,
Datos/Med_con_Decaimientos/decaimientos.txt::block187::event187,187,Datos/Med_con_Decaimientos/decaimientos.txt,1024,1434.375,120,1484.1409999999998,1494.1409999999998,1,frozen_selection,
Datos/Med_con_Decaimientos/decaimientos.txt::block188::event188,188,Datos/Med_con_Decaimientos/decaimientos.txt,1024,830.078,120,1472.52,1482.52,1,user_message_approve_all_mixed_weak_seeds,accept_quality
Datos/Med_con_Decaimientos/decaimientos.txt::block191::event191,191,Datos/Med_con_Decaimientos/decaimientos.txt,1024,1328.125,120,1469.1989999999998,1479.1989999999998,1,frozen_selection,
Datos/Med_con_Decaimientos/decaimientos.txt::block193::event193,193,Datos/Med_con_Decaimientos/decaimientos.txt,1024,373.5350000000001,120,1469.1989999999998,1479.1989999999998,1,frozen_selection,
Datos/Med_con_Decaimientos/decaimientos.txt::block194::event194,194,Datos/Med_con_Decaimientos/decaimientos.txt,1024,937.9879999999999,120,1469.1989999999998,1479.1989999999998,1,frozen_selection,
Datos/Med_con_Decaimientos/decaimientos.txt::block195::event195,195,Datos/Med_con_Decaimientos/decaimientos.txt,1024,156.055,120,1465.879,1475.879,1,frozen_selection,
Datos/Med_con_Decaimientos/decaimientos.txt::block196::event196,196,Datos/Med_con_Decaimientos/decaimientos.txt,1024,637.5,120,1465.879,1475.879,1,frozen_selection,
Datos/Med_con_Decaimientos/decaimientos.txt::block197::event197,197,Datos/Med_con_Decaimientos/decaimientos.txt,1024,637.5,120,1475.84,1485.84,1,frozen_selection,
Datos/Med_con_Decaimientos/decaimientos.txt::block199::event199,199,Datos/Med_con_Decaimientos/decaimientos.txt,1024,991.113,120,1480.82,1490.82,1,frozen_selection,
Datos/Med_con_Decaimientos/decaimientos.txt::block200::event200,200,Datos/Med_con_Decaimientos/decaimientos.txt,1024,549.5120000000001,120,1474.1799999999998,1484.1799999999998,1,frozen_selection,
Datos/Med_con_Decaimientos/decaimientos.txt::block202::event202,202,Datos/Med_con_Decaimientos/decaimientos.txt,1024,605.958,120,1470.86,1480.86,1,user_message_approve_all_mixed_weak_seeds,accept_quality
Datos/Med_con_Decaimientos/decaimientos.txt::block203::event203,203,Datos/Med_con_Decaimientos/decaimientos.txt,1024,634.18,120,1470.86,1480.86,1,frozen_selection,
Datos/Med_con_Decaimientos/decaimientos.txt::block204::event204,204,Datos/Med_con_Decaimientos/decaimientos.txt,1024,730.4689999999999,120,1470.86,1480.86,1,frozen_selection,
Datos/Med_con_Decaimientos/decaimientos.txt::block207::event207,207,Datos/Med_con_Decaimientos/decaimientos.txt,1024,1108.985,120,1474.1799999999998,1484.1799999999998,1,frozen_selection,
Datos/Med_con_Decaimientos/decaimientos.txt::block210::event210,210,Datos/Med_con_Decaimientos/decaimientos.txt,1024,546.191,120,1480.82,1490.82,1,frozen_selection,
Datos/Med_con_Decaimientos/decaimientos.txt::block212::event212,212,Datos/Med_con_Decaimientos/decaimientos.txt,1024,356.933,120,1477.5,1487.5,1,frozen_selection,
Datos/Med_con_Decaimientos/decaimientos.txt::block213::event213,213,Datos/Med_con_Decaimientos/decaimientos.txt,1024,775.293,120,1469.1989999999998,1479.1989999999998,1,frozen_selection,
Datos/Med_con_Decaimientos/decaimientos.txt::block217::event217,217,Datos/Med_con_Decaimientos/decaimientos.txt,1024,962.8900000000001,120,1480.82,1490.82,1,frozen_selection,
Datos/Med_con_Decaimientos/decaimientos.txt::block219::event219,219,Datos/Med_con_Decaimientos/decaimientos.txt,1024,200.879,120,1477.5,1487.5,1,frozen_selection,
Datos/Med_con_Decaimientos/decaimientos.txt::block222::event222,222,Datos/Med_con_Decaimientos/decaimientos.txt,1024,1132.227,120,1482.481,1492.481,1,frozen_selection,
Datos/Med_con_Decaimientos/decaimientos.txt::block223::event223,223,Datos/Med_con_Decaimientos/decaimientos.txt,1024,441.601,120,1477.5,1487.5,1,frozen_selection,
Datos/Med_con_Decaimientos/decaimientos.txt::block226::event226,226,Datos/Med_con_Decaimientos/decaimientos.txt,1024,743.75,120,1479.1599999999999,1489.1599999999999,1,frozen_selection,
Datos/Med_con_Decaimientos/decaimientos.txt::block227::event227,227,Datos/Med_con_Decaimientos/decaimientos.txt,1024,1475.8790000000001,120,1482.481,1492.481,1,user_export,accept_quality
Datos/Med_con_Decaimientos/decaimientos.txt::block228::event228,228,Datos/Med_con_Decaimientos/decaimientos.txt,1024,592.675,120,1479.1599999999999,1489.1599999999999,1,frozen_selection,
Datos/Med_con_Decaimientos/decaimientos.txt::block230::event230,230,Datos/Med_con_Decaimientos/decaimientos.txt,1024,1029.297,120,1484.1409999999998,1494.1409999999998,1,frozen_selection,
Datos/Med_con_Decaimientos/decaimientos.txt::block231::event231,231,Datos/Med_con_Decaimientos/decaimientos.txt,1024,293.848,120,1485.801,1495.801,1,frozen_selection,
Datos/Med_con_Decaimientos/decaimientos.txt::block232::event232,232,Datos/Med_con_Decaimientos/decaimientos.txt,1024,531.25,120,1475.84,1485.84,1,frozen_selection,
Datos/Med_con_Decaimientos/decaimientos.txt::block233::event233,233,Datos/Med_con_Decaimientos/decaimientos.txt,1024,436.62100000000004,120,1484.1409999999998,1494.1409999999998,1,frozen_selection,
Datos/Med_con_Decaimientos/decaimientos.txt::block234::event234,234,Datos/Med_con_Decaimientos/decaimientos.txt,1024,992.7729999999999,120,1485.801,1495.801,1,frozen_selection,
Datos/Med_con_Decaimientos/decaimientos.txt::block236::event236,236,Datos/Med_con_Decaimientos/decaimientos.txt,1024,1324.805,120,1475.84,1485.84,1,frozen_selection,
Datos/Med_con_Decaimientos/decaimientos.txt::block237::event237,237,Datos/Med_con_Decaimientos/decaimientos.txt,1024,871.5819999999999,120,1479.1599999999999,1489.1599999999999,1,frozen_selection,
Datos/Med_con_Decaimientos/decaimientos.txt::block238::event238,238,Datos/Med_con_Decaimientos/decaimientos.txt,1024,1452.637,120,1485.801,1495.801,1,frozen_selection,
Datos/Med_con_Decaimientos/decaimientos.txt::block240::event240,240,Datos/Med_con_Decaimientos/decaimientos.txt,1024,337.01199999999994,120,1475.84,1485.84,1,frozen_selection,
Datos/Med_con_Decaimientos/decaimientos.txt::block242::event242,242,Datos/Med_con_Decaimientos/decaimientos.txt,1024,1465.918,120,1484.1409999999998,1494.1409999999998,1,user_export,accept_quality
Datos/Med_con_Decaimientos/decaimientos.txt::block243::event243,243,Datos/Med_con_Decaimientos/decaimientos.txt,1024,1196.972,120,1479.1599999999999,1489.1599999999999,1,frozen_selection,
Datos/Med_con_Decaimientos/decaimientos.txt::block244::event244,244,Datos/Med_con_Decaimientos/decaimientos.txt,1024,320.41,120,1472.52,1482.52,1,user_message_approve_all_mixed_weak_seeds,accept_quality
Datos/Med_con_Decaimientos/decaimientos.txt::block245::event245,245,Datos/Med_con_Decaimientos/decaimientos.txt,1024,874.903,120,1484.1409999999998,1494.1409999999998,1,frozen_selection,
Datos/Med_con_Decaimientos/decaimientos.txt::block246::event246,246,Datos/Med_con_Decaimientos/decaimientos.txt,1024,664.062,120,1475.84,1485.84,1,frozen_selection,
Datos/Med_con_Decaimientos/decaimientos.txt::block247::event247,247,Datos/Med_con_Decaimientos/decaimientos.txt,1024,660.7429999999999,120,1482.481,1492.481,1,frozen_selection,
Datos/Med_con_Decaimientos/decaimientos.txt::block249::event249,249,Datos/Med_con_Decaimientos/decaimientos.txt,1024,1170.4099999999999,120,1479.1599999999999,1489.1599999999999,1,user_message_approve_all_mixed_weak_seeds,accept_quality
Datos/Med_con_Decaimientos/decaimientos.txt::block250::event250,250,Datos/Med_con_Decaimientos/decaimientos.txt,1024,426.65999999999997,120,1485.801,1495.801,1,frozen_selection,
Datos/Med_con_Decaimientos/decaimientos.txt::block251::event251,251,Datos/Med_con_Decaimientos/decaimientos.txt,1024,1414.453,120,1484.1409999999998,1494.1409999999998,1,frozen_selection,
Datos/Med_con_Decaimientos/decaimientos.txt::block252::event252,252,Datos/Med_con_Decaimientos/decaimientos.txt,1024,305.46899999999994,120,1477.5,1487.5,1,frozen_selection,
Datos/Med_con_Decaimientos/decaimientos.txt::block253::event253,253,Datos/Med_con_Decaimientos/decaimientos.txt,1024,835.059,120,1472.52,1482.52,1,user_message_approve_all_mixed_weak_seeds,accept_quality
Datos/Med_con_Decaimientos/decaimientos.txt::block254::event254,254,Datos/Med_con_Decaimientos/decaimientos.txt,1024,1082.421,120,1490.781,1500.781,1,frozen_selection,
Datos/Med_con_Decaimientos/decaimientos.txt::block255::event255,255,Datos/Med_con_Decaimientos/decaimientos.txt,1024,182.617,120,1480.82,1490.82,1,frozen_selection,
Datos/Med_con_Decaimientos/decaimientos.txt::block256::event256,256,Datos/Med_con_Decaimientos/decaimientos.txt,1024,574.414,120,1485.801,1495.801,1,frozen_selection,
Datos/Med_con_Decaimientos/decaimientos.txt::block258::event258,258,Datos/Med_con_Decaimientos/decaimientos.txt,1024,768.6529999999999,120,1482.481,1492.481,1,frozen_selection,
Datos/Med_con_Decaimientos/decaimientos.txt::block261::event261,261,Datos/Med_con_Decaimientos/decaimientos.txt,1024,328.71000000000004,120,1480.82,1490.82,1,frozen_selection,
Datos/Med_con_Decaimientos/decaimientos.txt::block262::event262,262,Datos/Med_con_Decaimientos/decaimientos.txt,1024,1406.152,120,1475.84,1485.84,1,frozen_selection,
Datos/Med_con_Decaimientos/decaimientos.txt::block263::event263,263,Datos/Med_con_Decaimientos/decaimientos.txt,1024,957.9100000000001,120,1480.82,1490.82,1,frozen_selection,
Datos/Med_con_Decaimientos/decaimientos.txt::block264::event264,264,Datos/Med_con_Decaimientos/decaimientos.txt,1024,454.88300000000004,120,1474.1799999999998,1484.1799999999998,1,frozen_selection,
Datos/Med_con_Decaimientos/decaimientos.txt::block265::event265,265,Datos/Med_con_Decaimientos/decaimientos.txt,1024,609.277,120,1485.801,1495.801,1,frozen_selection,
Datos/Med_con_Decaimientos/decaimientos.txt::block267::event267,267,Datos/Med_con_Decaimientos/decaimientos.txt,1024,923.0469999999999,120,1487.461,1497.461,1,frozen_selection,
Datos/Med_con_Decaimientos/decaimientos.txt::block268::event268,268,Datos/Med_con_Decaimientos/decaimientos.txt,1024,1225.1960000000001,120,1482.481,1492.481,1,frozen_selection,
Datos/Med_con_Decaimientos/decaimientos.txt::block269::event269,269,Datos/Med_con_Decaimientos/decaimientos.txt,1024,622.558,120,1469.1989999999998,1479.1989999999998,1,frozen_selection,
Datos/Med_con_Decaimientos/decaimientos.txt::block271::event271,271,Datos/Med_con_Decaimientos/decaimientos.txt,1024,645.8009999999999,120,1482.481,1492.481,1,frozen_selection,
Datos/Med_con_Decaimientos/decaimientos.txt::block272::event272,272,Datos/Med_con_Decaimientos/decaimientos.txt,1024,1060.839,120,1469.1989999999998,1479.1989999999998,1,frozen_selection,
Datos/Med_con_Decaimientos/decaimientos.txt::block274::event274,274,Datos/Med_con_Decaimientos/decaimientos.txt,1024,1296.5819999999999,120,1474.1799999999998,1484.1799999999998,1,user_message_approve_all_mixed_weak_seeds,accept_quality
Datos/Med_con_Decaimientos/decaimientos.txt::block275::event275,275,Datos/Med_con_Decaimientos/decaimientos.txt,1024,717.188,120,1482.481,1492.481,1,frozen_selection,
Datos/Med_con_Decaimientos/decaimientos.txt::block276::event276,276,Datos/Med_con_Decaimientos/decaimientos.txt,1024,1263.3790000000001,120,1482.481,1492.481,1,frozen_selection,
Datos/Med_con_Decaimientos/decaimientos.txt::block281::event281,281,Datos/Med_con_Decaimientos/decaimientos.txt,1024,1221.875,120,1489.1209999999999,1499.1209999999999,1,frozen_selection,
Datos/Med_con_Decaimientos/decaimientos.txt::block282::event282,282,Datos/Med_con_Decaimientos/decaimientos.txt,1024,645.8,120,1479.1599999999999,1489.1599999999999,1,user_message_approve_all_mixed_weak_seeds,accept_quality
Datos/Med_con_Decaimientos/decaimientos.txt::block283::event283,283,Datos/Med_con_Decaimientos/decaimientos.txt,1024,733.789,120,1475.84,1485.84,1,frozen_selection,
Datos/Med_con_Decaimientos/decaimientos.txt::block284::event284,284,Datos/Med_con_Decaimientos/decaimientos.txt,1024,629.199,120,1475.84,1485.84,1,frozen_selection,
Datos/Med_con_Decaimientos/decaimientos.txt::block287::event287,287,Datos/Med_con_Decaimientos/decaimientos.txt,1024,859.961,120,1479.1599999999999,1489.1599999999999,1,frozen_selection,
Datos/Med_con_Decaimientos/decaimientos.txt::block289::event289,289,Datos/Med_con_Decaimientos/decaimientos.txt,1024,1231.836,120,1470.86,1480.86,1,frozen_selection,
Datos/Med_con_Decaimientos/decaimientos.txt::block290::event290,290,Datos/Med_con_Decaimientos/decaimientos.txt,1024,889.844,120,1470.86,1480.86,1,frozen_selection,
Datos/Med_con_Decaimientos/decaimientos.txt::block292::event292,292,Datos/Med_con_Decaimientos/decaimientos.txt,1024,194.238,120,1479.1599999999999,1489.1599999999999,1,frozen_selection,
Datos/Med_con_Decaimientos/decaimientos.txt::block293::event293,293,Datos/Med_con_Decaimientos/decaimientos.txt,1024,952.0999999999998,120,1482.481,1492.481,1,frozen_selection,
Datos/Med_con_Decaimientos/decaimientos.txt::block295::event295,295,Datos/Med_con_Decaimientos/decaimientos.txt,1024,292.187,120,1479.1599999999999,1489.1599999999999,1,frozen_selection,
Datos/Med_con_Decaimientos/decaimientos.txt::block296::event296,296,Datos/Med_con_Decaimientos/decaimientos.txt,1024,600.9770000000001,120,1462.559,1472.559,1,frozen_selection,
Datos/Med_con_Decaimientos/decaimientos.txt::block300::event300,300,Datos/Med_con_Decaimientos/decaimientos.txt,1024,816.797,120,1484.1409999999998,1494.1409999999998,1,frozen_selection,
Datos/Med_con_Decaimientos/decaimientos.txt::block301::event301,301,Datos/Med_con_Decaimientos/decaimientos.txt,1024,584.375,120,1482.481,1492.481,1,frozen_selection,
Datos/Med_con_Decaimientos/decaimientos.txt::block302::event302,302,Datos/Med_con_Decaimientos/decaimientos.txt,1024,1105.664,120,1480.82,1490.82,1,frozen_selection,
Datos/Med_con_Decaimientos/decaimientos.txt::block303::event303,303,Datos/Med_con_Decaimientos/decaimientos.txt,1024,380.17600000000004,120,1474.1799999999998,1484.1799999999998,1,frozen_selection,
Datos/Med_con_Decaimientos/decaimientos.txt::block304::event304,304,Datos/Med_con_Decaimientos/decaimientos.txt,1024,692.285,120,1465.879,1475.879,1,user_message_approve_all_mixed_weak_seeds,accept_quality
Datos/Med_con_Decaimientos/decaimientos.txt::block305::event305,305,Datos/Med_con_Decaimientos/decaimientos.txt,1024,298.828,120,1475.84,1485.84,1,frozen_selection,
Datos/Med_con_Decaimientos/decaimientos.txt::block308::event308,308,Datos/Med_con_Decaimientos/decaimientos.txt,1024,514.6489999999999,120,1484.1409999999998,1494.1409999999998,1,frozen_selection,
Datos/Med_con_Decaimientos/decaimientos.txt::block309::event309,309,Datos/Med_con_Decaimientos/decaimientos.txt,1024,124.511,120,1469.1989999999998,1479.1989999999998,1,frozen_selection,
Datos/Med_con_Decaimientos/decaimientos.txt::block310::event310,310,Datos/Med_con_Decaimientos/decaimientos.txt,1024,1200.293,120,1475.84,1485.84,1,frozen_selection,
Datos/Med_con_Decaimientos/decaimientos.txt::block312::event312,312,Datos/Med_con_Decaimientos/decaimientos.txt,1024,758.692,120,1470.86,1480.86,1,frozen_selection,
Datos/Med_con_Decaimientos/decaimientos.txt::block314::event314,314,Datos/Med_con_Decaimientos/decaimientos.txt,1024,310.44999999999993,120,1482.481,1492.481,1,frozen_selection,
Datos/Med_con_Decaimientos/decaimientos.txt::block315::event315,315,Datos/Med_con_Decaimientos/decaimientos.txt,1024,391.797,120,1464.2189999999998,1474.2189999999998,1,frozen_selection,
Datos/Med_con_Decaimientos/decaimientos.txt::block316::event316,316,Datos/Med_con_Decaimientos/decaimientos.txt,1024,825.097,120,1480.82,1490.82,1,frozen_selection,
Datos/Med_con_Decaimientos/decaimientos.txt::block318::event318,318,Datos/Med_con_Decaimientos/decaimientos.txt,1024,1187.0120000000002,120,1477.5,1487.5,1,frozen_selection,
Datos/Med_con_Decaimientos/decaimientos.txt::block319::event319,319,Datos/Med_con_Decaimientos/decaimientos.txt,1024,757.031,120,1487.461,1497.461,1,frozen_selection,
Datos/Med_con_Decaimientos/decaimientos.txt::block320::event320,320,Datos/Med_con_Decaimientos/decaimientos.txt,1024,456.543,120,1469.1989999999998,1479.1989999999998,1,frozen_selection,
Datos/Med_con_Decaimientos/decaimientos.txt::block321::event321,321,Datos/Med_con_Decaimientos/decaimientos.txt,1024,406.738,120,1467.539,1477.539,1,frozen_selection,
Datos/Med_con_Decaimientos/decaimientos.txt::block322::event322,322,Datos/Med_con_Decaimientos/decaimientos.txt,1024,219.141,120,1470.86,1480.86,1,user_export,accept_quality
Datos/Med_con_Decaimientos/decaimientos.txt::block326::event326,326,Datos/Med_con_Decaimientos/decaimientos.txt,1024,647.461,120,1479.1599999999999,1489.1599999999999,1,frozen_selection,
Datos/Med_con_Decaimientos/decaimientos.txt::block329::event329,329,Datos/Med_con_Decaimientos/decaimientos.txt,1024,255.664,120,1479.1599999999999,1489.1599999999999,1,frozen_selection,
Datos/Med_con_Decaimientos/decaimientos.txt::block334::event334,334,Datos/Med_con_Decaimientos/decaimientos.txt,1024,803.516,120,1464.2189999999998,1474.2189999999998,1,frozen_selection,
Datos/Med_con_Decaimientos/decaimientos.txt::block335::event335,335,Datos/Med_con_Decaimientos/decaimientos.txt,1024,129.49300000000002,120,1470.86,1480.86,1,user_export,accept_quality
Datos/Med_con_Decaimientos/decaimientos.txt::block336::event336,336,Datos/Med_con_Decaimientos/decaimientos.txt,1024,884.863,120,1479.1599999999999,1489.1599999999999,1,frozen_selection,
Datos/Med_con_Decaimientos/decaimientos.txt::block337::event337,337,Datos/Med_con_Decaimientos/decaimientos.txt,1024,572.754,120,1470.86,1480.86,1,frozen_selection,
Datos/Med_con_Decaimientos/decaimientos.txt::block339::event339,339,Datos/Med_con_Decaimientos/decaimientos.txt,1024,944.629,120,1482.481,1492.481,1,frozen_selection,
Datos/Med_con_Decaimientos/decaimientos.txt::block340::event340,340,Datos/Med_con_Decaimientos/decaimientos.txt,1024,195.898,120,1480.82,1490.82,1,frozen_selection,
Datos/Med_con_Decaimientos/decaimientos.txt::block342::event342,342,Datos/Med_con_Decaimientos/decaimientos.txt,1024,1060.8400000000001,120,1487.461,1497.461,1,user_message_approve_all_mixed_weak_seeds,accept_quality
Datos/Med_con_Decaimientos/decaimientos.txt::block343::event343,343,Datos/Med_con_Decaimientos/decaimientos.txt,1024,768.652,120,1479.1599999999999,1489.1599999999999,1,frozen_selection,
Datos/Med_con_Decaimientos/decaimientos.txt::block344::event344,344,Datos/Med_con_Decaimientos/decaimientos.txt,1024,1450.977,120,1470.86,1480.86,1,user_export,accept_quality
Datos/Med_con_Decaimientos/decaimientos.txt::block346::event346,346,Datos/Med_con_Decaimientos/decaimientos.txt,1024,1163.769,120,1489.1209999999999,1499.1209999999999,1,frozen_selection,
Datos/Med_con_Decaimientos/decaimientos.txt::block348::event348,348,Datos/Med_con_Decaimientos/decaimientos.txt,1024,913.086,120,1470.86,1480.86,1,frozen_selection,
Datos/Med_con_Decaimientos/decaimientos.txt::block349::event349,349,Datos/Med_con_Decaimientos/decaimientos.txt,1024,697.266,120,1482.481,1492.481,1,frozen_selection,
Datos/Med_con_Decaimientos/decaimientos.txt::block350::event350,350,Datos/Med_con_Decaimientos/decaimientos.txt,1024,293.84800000000007,120,1464.2189999999998,1474.2189999999998,1,frozen_selection,
Datos/Med_con_Decaimientos/decaimientos.txt::block351::event351,351,Datos/Med_con_Decaimientos/decaimientos.txt,1024,1399.5120000000002,120,1472.52,1482.52,1,frozen_selection,
Datos/Med_con_Decaimientos/decaimientos.txt::block354::event354,354,Datos/Med_con_Decaimientos/decaimientos.txt,1024,579.394,120,1479.1599999999999,1489.1599999999999,1,frozen_selection,
Datos/Med_con_Decaimientos/decaimientos.txt::block355::event355,355,Datos/Med_con_Decaimientos/decaimientos.txt,1024,632.519,120,1479.1599999999999,1489.1599999999999,1,user_export,accept_quality
Datos/Med_con_Decaimientos/decaimientos.txt::block358::event358,358,Datos/Med_con_Decaimientos/decaimientos.txt,1024,514.648,120,1475.84,1485.84,1,user_message_approve_all_mixed_weak_seeds,accept_quality
Datos/Med_con_Decaimientos/decaimientos.txt::block359::event359,359,Datos/Med_con_Decaimientos/decaimientos.txt,1024,401.75700000000006,120,1480.82,1490.82,1,frozen_selection,
Datos/Med_con_Decaimientos/decaimientos.txt::block360::event360,360,Datos/Med_con_Decaimientos/decaimientos.txt,1024,252.34400000000002,120,1474.1799999999998,1484.1799999999998,1,frozen_selection,
Datos/Med_con_Decaimientos/decaimientos.txt::block362::event362,362,Datos/Med_con_Decaimientos/decaimientos.txt,1024,539.55,120,1479.1599999999999,1489.1599999999999,1,frozen_selection,
Datos/Med_con_Decaimientos/decaimientos.txt::block364::event364,364,Datos/Med_con_Decaimientos/decaimientos.txt,1024,1075.781,120,1475.84,1485.84,1,frozen_selection,
Datos/Med_con_Decaimientos/decaimientos.txt::block365::event365,365,Datos/Med_con_Decaimientos/decaimientos.txt,1024,806.835,120,1480.82,1490.82,1,frozen_selection,
Datos/Med_con_Decaimientos/decaimientos.txt::block366::event366,366,Datos/Med_con_Decaimientos/decaimientos.txt,1024,257.32399999999996,120,1480.82,1490.82,1,frozen_selection,
Datos/Med_con_Decaimientos/decaimientos.txt::block369::event369,369,Datos/Med_con_Decaimientos/decaimientos.txt,1024,174.317,120,1462.559,1472.559,1,frozen_selection,
Datos/Med_con_Decaimientos/decaimientos.txt::block370::event370,370,Datos/Med_con_Decaimientos/decaimientos.txt,1024,202.53900000000002,120,1482.481,1492.481,1,frozen_selection,
Datos/Med_con_Decaimientos/decaimientos.txt::block371::event371,371,Datos/Med_con_Decaimientos/decaimientos.txt,1024,1082.421,120,1480.82,1490.82,1,frozen_selection,
Datos/Med_con_Decaimientos/decaimientos.txt::block372::event372,372,Datos/Med_con_Decaimientos/decaimientos.txt,1024,620.8979999999999,120,1467.539,1477.539,1,frozen_selection,
Datos/Med_con_Decaimientos/decaimientos.txt::block374::event374,374,Datos/Med_con_Decaimientos/decaimientos.txt,1024,333.6909999999999,120,1477.5,1487.5,1,frozen_selection,
Datos/Med_con_Decaimientos/decaimientos.txt::block376::event376,376,Datos/Med_con_Decaimientos/decaimientos.txt,1024,428.321,120,1470.86,1480.86,1,frozen_selection,
Datos/Med_con_Decaimientos/decaimientos.txt::block377::event377,377,Datos/Med_con_Decaimientos/decaimientos.txt,1024,1055.8600000000001,120,1482.481,1492.481,1,frozen_selection,
Datos/Med_con_Decaimientos/decaimientos.txt::block378::event378,378,Datos/Med_con_Decaimientos/decaimientos.txt,1024,1389.551,120,1475.84,1485.84,1,frozen_selection,
Datos/Med_con_Decaimientos/decaimientos.txt::block379::event379,379,Datos/Med_con_Decaimientos/decaimientos.txt,1024,571.094,120,1475.84,1485.84,1,frozen_selection,
Datos/Med_con_Decaimientos/decaimientos.txt::block380::event380,380,Datos/Med_con_Decaimientos/decaimientos.txt,1024,1122.2649999999999,120,1479.1599999999999,1489.1599999999999,1,frozen_selection,
Datos/Med_con_Decaimientos/decaimientos.txt::block381::event381,381,Datos/Med_con_Decaimientos/decaimientos.txt,1024,285.547,120,1464.2189999999998,1474.2189999999998,1,frozen_selection,
Datos/Med_con_Decaimientos/decaimientos.txt::block382::event382,382,Datos/Med_con_Decaimientos/decaimientos.txt,1024,1032.617,120,1475.84,1485.84,1,user_message_approve_all_mixed_weak_seeds,accept_quality
Datos/Med_con_Decaimientos/decaimientos.txt::block383::event383,383,Datos/Med_con_Decaimientos/decaimientos.txt,1024,1182.8609999999999,120,1467.539,1477.539,1,frozen_selection,
Datos/Med_con_Decaimientos/decaimientos.txt::block384::event384,384,Datos/Med_con_Decaimientos/decaimientos.txt,1024,1070.801,120,1484.1409999999998,1494.1409999999998,1,frozen_selection,
Datos/Med_con_Decaimientos/decaimientos.txt::block386::event386,386,Datos/Med_con_Decaimientos/decaimientos.txt,1024,1225.195,120,1485.801,1495.801,1,frozen_selection,
Datos/Med_con_Decaimientos/decaimientos.txt::block388::event388,388,Datos/Med_con_Decaimientos/decaimientos.txt,1024,723.828,120,1484.1409999999998,1494.1409999999998,1,frozen_selection,
Datos/Med_con_Decaimientos/decaimientos.txt::block389::event389,389,Datos/Med_con_Decaimientos/decaimientos.txt,1024,426.6600000000001,120,1474.1799999999998,1484.1799999999998,1,user_message_approve_all_mixed_weak_seeds,accept_quality
Datos/Med_con_Decaimientos/decaimientos.txt::block390::event390,390,Datos/Med_con_Decaimientos/decaimientos.txt,1024,861.6210000000001,120,1472.52,1482.52,1,frozen_selection,
Datos/Med_con_Decaimientos/decaimientos.txt::block393::event393,393,Datos/Med_con_Decaimientos/decaimientos.txt,1024,987.793,120,1487.461,1497.461,1,frozen_selection,
Datos/Med_con_Decaimientos/decaimientos.txt::block394::event394,394,Datos/Med_con_Decaimientos/decaimientos.txt,1024,1329.7849999999999,120,1474.1799999999998,1484.1799999999998,1,frozen_selection,
Datos/Med_con_Decaimientos/decaimientos.txt::block395::event395,395,Datos/Med_con_Decaimientos/decaimientos.txt,1024,632.519,120,1487.461,1497.461,1,frozen_selection,
Datos/Med_con_Decaimientos/decaimientos.txt::block399::event399,399,Datos/Med_con_Decaimientos/decaimientos.txt,1024,987.7919999999999,120,1480.82,1490.82,1,frozen_selection,
Datos/Med_con_Decaimientos/decaimientos.txt::block400::event400,400,Datos/Med_con_Decaimientos/decaimientos.txt,1024,680.664,120,1487.461,1497.461,1,frozen_selection,
Datos/Med_con_Decaimientos/decaimientos.txt::block401::event401,401,Datos/Med_con_Decaimientos/decaimientos.txt,1024,821.777,120,1475.84,1485.84,1,frozen_selection,
Datos/Med_con_Decaimientos/decaimientos.txt::block402::event402,402,Datos/Med_con_Decaimientos/decaimientos.txt,1024,187.597,120,1480.82,1490.82,1,frozen_selection,
Datos/Med_con_Decaimientos/decaimientos.txt::block403::event403,403,Datos/Med_con_Decaimientos/decaimientos.txt,1024,868.2620000000002,120,1472.52,1482.52,1,user_message_approve_all_mixed_weak_seeds,accept_quality
Datos/Med_con_Decaimientos/decaimientos.txt::block406::event406,406,Datos/Med_con_Decaimientos/decaimientos.txt,1024,317.0899999999999,120,1477.5,1487.5,1,frozen_selection,
Datos/Med_con_Decaimientos/decaimientos.txt::block407::event407,407,Datos/Med_con_Decaimientos/decaimientos.txt,1024,1167.9195,120,1480.82,1490.82,1,frozen_selection,
Datos/Med_con_Decaimientos/decaimientos.txt::block408::event408,408,Datos/Med_con_Decaimientos/decaimientos.txt,1024,293.8470000000001,120,1469.1989999999998,1479.1989999999998,1,user_message_approve_all_mixed_weak_seeds,accept_quality
Datos/Med_con_Decaimientos/decaimientos.txt::block409::event409,409,Datos/Med_con_Decaimientos/decaimientos.txt,1024,909.7660000000001,120,1470.86,1480.86,1,frozen_selection,
Datos/Med_con_Decaimientos/decaimientos.txt::block410::event410,410,Datos/Med_con_Decaimientos/decaimientos.txt,1024,182.61700000000002,120,1489.1209999999999,1499.1209999999999,1,frozen_selection,
Datos/Med_con_Decaimientos/decaimientos.txt::block414::event414,414,Datos/Med_con_Decaimientos/decaimientos.txt,1024,662.403,120,1472.52,1482.52,1,frozen_selection,
Datos/Med_con_Decaimientos/decaimientos.txt::block415::event415,415,Datos/Med_con_Decaimientos/decaimientos.txt,1024,848.3399999999999,120,1479.1599999999999,1489.1599999999999,1,frozen_selection,
Datos/Med_con_Decaimientos/decaimientos.txt::block420::event420,420,Datos/Med_con_Decaimientos/decaimientos.txt,1024,1221.875,120,1479.1599999999999,1489.1599999999999,1,frozen_selection,
Datos/Med_con_Decaimientos/decaimientos.txt::block423::event423,423,Datos/Med_con_Decaimientos/decaimientos.txt,1024,351.9530000000001,120,1474.1799999999998,1484.1799999999998,1,frozen_selection,
Datos/Med_con_Decaimientos/decaimientos.txt::block425::event425,425,Datos/Med_con_Decaimientos/decaimientos.txt,1024,325.39000000000004,120,1479.1599999999999,1489.1599999999999,1,frozen_selection,
Datos/Med_con_Decaimientos/decaimientos.txt::block427::event427,427,Datos/Med_con_Decaimientos/decaimientos.txt,1024,195.898,120,1480.82,1490.82,1,user_message_approve_all_mixed_weak_seeds,accept_quality
Datos/Med_con_Decaimientos/decaimientos.txt::block428::event428,428,Datos/Med_con_Decaimientos/decaimientos.txt,1024,1441.0159999999998,120,1474.1799999999998,1484.1799999999998,1,frozen_selection,
Datos/Med_con_Decaimientos/decaimientos.txt::block431::event431,431,Datos/Med_con_Decaimientos/decaimientos.txt,1024,300.48800000000006,120,1469.1989999999998,1479.1989999999998,1,user_message_approve_all_mixed_weak_seeds,accept_quality
Datos/Med_con_Decaimientos/decaimientos.txt::block433::event433,433,Datos/Med_con_Decaimientos/decaimientos.txt,1024,1417.773,120,1469.1989999999998,1479.1989999999998,1,frozen_selection,
Datos/Med_con_Decaimientos/decaimientos.txt::block434::event434,434,Datos/Med_con_Decaimientos/decaimientos.txt,1024,649.1210000000001,120,1479.1599999999999,1489.1599999999999,1,frozen_selection,
Datos/Med_con_Decaimientos/decaimientos.txt::block435::event435,435,Datos/Med_con_Decaimientos/decaimientos.txt,1024,262.304,120,1469.1989999999998,1479.1989999999998,1,frozen_selection,
Datos/Med_con_Decaimientos/decaimientos.txt::block436::event436,436,Datos/Med_con_Decaimientos/decaimientos.txt,1024,1429.395,120,1464.2189999999998,1474.2189999999998,1,frozen_selection,
Datos/Med_con_Decaimientos/decaimientos.txt::block438::event438,438,Datos/Med_con_Decaimientos/decaimientos.txt,1024,1120.606,120,1484.1409999999998,1494.1409999999998,1,frozen_selection,
Datos/Med_con_Decaimientos/decaimientos.txt::block440::event440,440,Datos/Med_con_Decaimientos/decaimientos.txt,1024,370.21500000000003,120,1474.1799999999998,1484.1799999999998,1,frozen_selection,
Datos/Med_con_Decaimientos/decaimientos.txt::block441::event441,441,Datos/Med_con_Decaimientos/decaimientos.txt,1024,1314.844,120,1472.52,1482.52,1,frozen_selection,
Datos/Med_con_Decaimientos/decaimientos.txt::block443::event443,443,Datos/Med_con_Decaimientos/decaimientos.txt,1024,1296.582,120,1480.82,1490.82,1,frozen_selection,
Datos/Med_con_Decaimientos/decaimientos.txt::block444::event444,444,Datos/Med_con_Decaimientos/decaimientos.txt,1024,260.6445,120,1475.84,1485.84,1,user_message_approve_all_mixed_weak_seeds,accept_quality
Datos/Med_con_Decaimientos/decaimientos.txt::block446::event446,446,Datos/Med_con_Decaimientos/decaimientos.txt,1024,466.504,120,1477.5,1487.5,1,frozen_selection,
Datos/Med_con_Decaimientos/decaimientos.txt::block449::event449,449,Datos/Med_con_Decaimientos/decaimientos.txt,1024,933.008,120,1484.1409999999998,1494.1409999999998,1,frozen_selection,
Datos/Med_con_Decaimientos/decaimientos.txt::block450::event450,450,Datos/Med_con_Decaimientos/decaimientos.txt,1024,1459.277,120,1479.1599999999999,1489.1599999999999,1,user_export,accept_quality
Datos/Med_con_Decaimientos/decaimientos.txt::block451::event451,451,Datos/Med_con_Decaimientos/decaimientos.txt,1024,569.433,120,1469.1989999999998,1479.1989999999998,1,frozen_selection,
Datos/Med_con_Decaimientos/decaimientos.txt::block452::event452,452,Datos/Med_con_Decaimientos/decaimientos.txt,1024,353.61299999999994,120,1477.5,1487.5,1,frozen_selection,
Datos/Med_con_Decaimientos/decaimientos.txt::block453::event453,453,Datos/Med_con_Decaimientos/decaimientos.txt,1024,1367.9689999999998,120,1474.1799999999998,1484.1799999999998,1,frozen_selection,
Datos/Med_con_Decaimientos/decaimientos.txt::block455::event455,455,Datos/Med_con_Decaimientos/decaimientos.txt,1024,753.711,120,1462.559,1472.559,1,frozen_selection,
Datos/Med_con_Decaimientos/decaimientos.txt::block456::event456,456,Datos/Med_con_Decaimientos/decaimientos.txt,1024,861.6210000000001,120,1472.52,1482.52,1,frozen_selection,
Datos/Med_con_Decaimientos/decaimientos.txt::block458::event458,458,Datos/Med_con_Decaimientos/decaimientos.txt,1024,1421.0929999999998,120,1479.1599999999999,1489.1599999999999,1,frozen_selection,
Datos/Med_con_Decaimientos/decaimientos.txt::block460::event460,460,Datos/Med_con_Decaimientos/decaimientos.txt,1024,1006.055,120,1474.1799999999998,1484.1799999999998,1,frozen_selection,
Datos/Med_con_Decaimientos/decaimientos.txt::block461::event461,461,Datos/Med_con_Decaimientos/decaimientos.txt,1024,1326.465,120,1465.879,1475.879,1,frozen_selection,
Datos/Med_con_Decaimientos/decaimientos.txt::block462::event462,462,Datos/Med_con_Decaimientos/decaimientos.txt,1024,434.961,120,1477.5,1487.5,1,frozen_selection,
Datos/Med_con_Decaimientos/decaimientos.txt::block464::event464,464,Datos/Med_con_Decaimientos/decaimientos.txt,1024,149.415,120,1470.86,1480.86,1,frozen_selection,
Datos/Med_con_Decaimientos/decaimientos.txt::block467::event467,467,Datos/Med_con_Decaimientos/decaimientos.txt,1024,1050.8790000000001,120,1482.481,1492.481,1,frozen_selection,
Datos/Med_con_Decaimientos/decaimientos.txt::block468::event468,468,Datos/Med_con_Decaimientos/decaimientos.txt,1024,149.41400000000002,120,1480.82,1490.82,1,frozen_selection,
Datos/Med_con_Decaimientos/decaimientos.txt::block470::event470,470,Datos/Med_con_Decaimientos/decaimientos.txt,1024,1379.589,120,1480.82,1490.82,1,frozen_selection,
Datos/Med_con_Decaimientos/decaimientos.txt::block471::event471,471,Datos/Med_con_Decaimientos/decaimientos.txt,1024,788.5740000000001,120,1469.1989999999998,1479.1989999999998,1,frozen_selection,
Datos/Med_con_Decaimientos/decaimientos.txt::block472::event472,472,Datos/Med_con_Decaimientos/decaimientos.txt,1024,190.918,120,1467.539,1477.539,1,frozen_selection,
Datos/Med_con_Decaimientos/decaimientos.txt::block473::event473,473,Datos/Med_con_Decaimientos/decaimientos.txt,1024,1211.914,120,1482.481,1492.481,1,frozen_selection,
Datos/Med_con_Decaimientos/decaimientos.txt::block474::event474,474,Datos/Med_con_Decaimientos/decaimientos.txt,1024,1070.8,120,1469.1989999999998,1479.1989999999998,1,frozen_selection,
Datos/Med_con_Decaimientos/decaimientos.txt::block476::event476,476,Datos/Med_con_Decaimientos/decaimientos.txt,1024,1449.317,120,1472.52,1482.52,1,user_export,accept_quality
Datos/Med_con_Decaimientos/decaimientos.txt::block478::event478,478,Datos/Med_con_Decaimientos/decaimientos.txt,1024,522.9490000000001,120,1480.82,1490.82,1,frozen_selection,
Datos/Med_con_Decaimientos/decaimientos.txt::block479::event479,479,Datos/Med_con_Decaimientos/decaimientos.txt,1024,781.933,120,1480.82,1490.82,1,frozen_selection,
Datos/Med_con_Decaimientos/decaimientos.txt::block483::event483,483,Datos/Med_con_Decaimientos/decaimientos.txt,1024,1210.254,120,1465.879,1475.879,1,frozen_selection,
Datos/Med_con_Decaimientos/decaimientos.txt::block485::event485,485,Datos/Med_con_Decaimientos/decaimientos.txt,1024,662.402,120,1467.539,1477.539,1,frozen_selection,
Datos/Med_con_Decaimientos/decaimientos.txt::block486::event486,486,Datos/Med_con_Decaimientos/decaimientos.txt,1024,956.2499999999999,120,1477.5,1487.5,1,frozen_selection,
Datos/Med_con_Decaimientos/decaimientos.txt::block489::event489,489,Datos/Med_con_Decaimientos/decaimientos.txt,1024,775.292,120,1480.82,1490.82,1,frozen_selection,
Datos/Med_con_Decaimientos/decaimientos.txt::block492::event492,492,Datos/Med_con_Decaimientos/decaimientos.txt,1024,1349.7069999999999,120,1479.1599999999999,1489.1599999999999,1,frozen_selection,
Datos/Med_con_Decaimientos/decaimientos.txt::block494::event494,494,Datos/Med_con_Decaimientos/decaimientos.txt,1024,411.718,120,1479.1599999999999,1489.1599999999999,1,user_message_approve_all_mixed_weak_seeds,accept_quality
Datos/Med_con_Decaimientos/decaimientos.txt::block497::event497,497,Datos/Med_con_Decaimientos/decaimientos.txt,1024,498.047,120,1485.801,1495.801,1,frozen_selection,
Datos/Med_con_Decaimientos/decaimientos.txt::block498::event498,498,Datos/Med_con_Decaimientos/decaimientos.txt,1024,327.05100000000004,120,1475.84,1485.84,1,frozen_selection,
Datos/Med_con_Decaimientos/decaimientos.txt::block499::event499,499,Datos/Med_con_Decaimientos/decaimientos.txt,1024,669.043,120,1474.1799999999998,1484.1799999999998,1,frozen_selection,
Datos/Med_con_Decaimientos/decaimientos.txt::block501::event501,501,Datos/Med_con_Decaimientos/decaimientos.txt,1024,752.051,120,1474.1799999999998,1484.1799999999998,1,frozen_selection,
Datos/Med_con_Decaimientos/decaimientos.txt::block503::event503,503,Datos/Med_con_Decaimientos/decaimientos.txt,1024,1183.692,120,1472.52,1482.52,1,frozen_selection,
Datos/Med_con_Decaimientos/decaimientos.txt::block506::event506,506,Datos/Med_con_Decaimientos/decaimientos.txt,1024,566.113,120,1479.1599999999999,1489.1599999999999,1,frozen_selection,
Datos/Med_con_Decaimientos/decaimientos.txt::block508::event508,508,Datos/Med_con_Decaimientos/decaimientos.txt,1024,728.809,120,1475.84,1485.84,1,frozen_selection,
Datos/Med_con_Decaimientos/decaimientos.txt::block509::event509,509,Datos/Med_con_Decaimientos/decaimientos.txt,1024,242.383,120,1477.5,1487.5,1,frozen_selection,
Datos/Med_con_Decaimientos/decaimientos.txt::block515::event515,515,Datos/Med_con_Decaimientos/decaimientos.txt,1024,1030.9569999999999,120,1464.2189999999998,1474.2189999999998,1,frozen_selection,
Datos/Med_con_Decaimientos/decaimientos.txt::block518::event518,518,Datos/Med_con_Decaimientos/decaimientos.txt,1024,320.40999999999997,120,1480.82,1490.82,1,frozen_selection,
Datos/Med_con_Decaimientos/decaimientos.txt::block519::event519,519,Datos/Med_con_Decaimientos/decaimientos.txt,1024,1185.3509999999999,120,1469.1989999999998,1479.1989999999998,1,frozen_selection,
Datos/Med_con_Decaimientos/decaimientos.txt::block520::event520,520,Datos/Med_con_Decaimientos/decaimientos.txt,1024,576.0740000000001,120,1479.1599999999999,1489.1599999999999,1,frozen_selection,
Datos/Med_con_Decaimientos/decaimientos.txt::block521::event521,521,Datos/Med_con_Decaimientos/decaimientos.txt,1024,599.317,120,1470.86,1480.86,1,frozen_selection,
Datos/Med_con_Decaimientos/decaimientos.txt::block523::event523,523,Datos/Med_con_Decaimientos/decaimientos.txt,1024,431.64099999999996,120,1482.481,1492.481,1,frozen_selection,
Datos/Med_con_Decaimientos/decaimientos.txt::block524::event524,524,Datos/Med_con_Decaimientos/decaimientos.txt,1024,187.59799999999998,120,1477.5,1487.5,1,frozen_selection,
Datos/Med_con_Decaimientos/decaimientos.txt::block526::event526,526,Datos/Med_con_Decaimientos/decaimientos.txt,1024,700.586,120,1477.5,1487.5,1,frozen_selection,
Datos/Med_con_Decaimientos/decaimientos.txt::block529::event529,529,Datos/Med_con_Decaimientos/decaimientos.txt,1024,879.883,120,1484.1409999999998,1494.1409999999998,1,frozen_selection,
Datos/Med_con_Decaimientos/decaimientos.txt::block530::event530,530,Datos/Med_con_Decaimientos/decaimientos.txt,1024,212.5,120,1472.52,1482.52,1,frozen_selection,
Datos/Med_con_Decaimientos/decaimientos.txt::block531::event531,531,Datos/Med_con_Decaimientos/decaimientos.txt,1024,634.1790000000001,120,1467.539,1477.539,1,frozen_selection,
Datos/Med_con_Decaimientos/decaimientos.txt::block532::event532,532,Datos/Med_con_Decaimientos/decaimientos.txt,1024,607.6179999999999,120,1472.52,1482.52,1,user_message_approve_all_mixed_weak_seeds,accept_quality
Datos/Med_con_Decaimientos/decaimientos.txt::block536::event536,536,Datos/Med_con_Decaimientos/decaimientos.txt,1024,636.6700000000001,120,1485.801,1495.801,1,frozen_selection,
Datos/Med_con_Decaimientos/decaimientos.txt::block537::event537,537,Datos/Med_con_Decaimientos/decaimientos.txt,1024,1211.914,120,1480.82,1490.82,1,frozen_selection,
Datos/Med_con_Decaimientos/decaimientos.txt::block539::event539,539,Datos/Med_con_Decaimientos/decaimientos.txt,1024,944.629,120,1464.2189999999998,1474.2189999999998,1,frozen_selection,
Datos/Med_con_Decaimientos/decaimientos.txt::block540::event540,540,Datos/Med_con_Decaimientos/decaimientos.txt,1024,534.57,120,1475.84,1485.84,1,frozen_selection,
Datos/Med_con_Decaimientos/decaimientos.txt::block541::event541,541,Datos/Med_con_Decaimientos/decaimientos.txt,1024,494.72599999999994,120,1479.1599999999999,1489.1599999999999,1,frozen_selection,
Datos/Med_con_Decaimientos/decaimientos.txt::block542::event542,542,Datos/Med_con_Decaimientos/decaimientos.txt,1024,728.808,120,1477.5,1487.5,1,user_message_approve_all_mixed_weak_seeds,accept_quality
Datos/Med_con_Decaimientos/decaimientos.txt::block543::event543,543,Datos/Med_con_Decaimientos/decaimientos.txt,1024,659.0819999999999,120,1484.1409999999998,1494.1409999999998,1,frozen_selection,
Datos/Med_con_Decaimientos/decaimientos.txt::block544::event544,544,Datos/Med_con_Decaimientos/decaimientos.txt,1024,1364.6480000000001,120,1487.461,1497.461,1,user_message_approve_all_mixed_weak_seeds,accept_quality
Datos/Med_con_Decaimientos/decaimientos.txt::block545::event545,545,Datos/Med_con_Decaimientos/decaimientos.txt,1024,356.93300000000005,120,1479.1599999999999,1489.1599999999999,1,user_message_approve_all_mixed_weak_seeds,accept_quality
Datos/Med_con_Decaimientos/decaimientos.txt::block546::event546,546,Datos/Med_con_Decaimientos/decaimientos.txt,1024,202.539,120,1484.1409999999998,1494.1409999999998,1,frozen_selection,
Datos/Med_con_Decaimientos/decaimientos.txt::block549::event549,549,Datos/Med_con_Decaimientos/decaimientos.txt,1024,1172.07,120,1480.82,1490.82,1,user_message_approve_all_mixed_weak_seeds,accept_quality
Datos/Med_con_Decaimientos/decaimientos.txt::block550::event550,550,Datos/Med_con_Decaimientos/decaimientos.txt,1024,684.8149999999999,120,1482.481,1492.481,1,frozen_selection,
Datos/Med_con_Decaimientos/decaimientos.txt::block552::event552,552,Datos/Med_con_Decaimientos/decaimientos.txt,1024,451.562,120,1487.461,1497.461,1,frozen_selection,
Datos/Med_con_Decaimientos/decaimientos.txt::block553::event553,553,Datos/Med_con_Decaimientos/decaimientos.txt,1024,1027.6370000000002,120,1477.5,1487.5,1,frozen_selection,
Datos/Med_con_Decaimientos/decaimientos.txt::block554::event554,554,Datos/Med_con_Decaimientos/decaimientos.txt,1024,192.578,120,1469.1989999999998,1479.1989999999998,1,frozen_selection,
Datos/Med_con_Decaimientos/decaimientos.txt::block555::event555,555,Datos/Med_con_Decaimientos/decaimientos.txt,1024,617.578,120,1477.5,1487.5,1,user_message_approve_all_mixed_weak_seeds,accept_quality
Datos/Med_con_Decaimientos/decaimientos.txt::block558::event558,558,Datos/Med_con_Decaimientos/decaimientos.txt,1024,170.996,120,1474.1799999999998,1484.1799999999998,1,frozen_selection,
Datos/Med_con_Decaimientos/decaimientos.txt::block560::event560,560,Datos/Med_con_Decaimientos/decaimientos.txt,1024,393.457,120,1485.801,1495.801,1,frozen_selection,
Datos/Med_con_Decaimientos/decaimientos.txt::block562::event562,562,Datos/Med_con_Decaimientos/decaimientos.txt,1024,195.898,120,1487.461,1497.461,1,frozen_selection,
Datos/Med_con_Decaimientos/decaimientos.txt::block563::event563,563,Datos/Med_con_Decaimientos/decaimientos.txt,1024,1130.566,120,1487.461,1497.461,1,frozen_selection,
Datos/Med_con_Decaimientos/decaimientos.txt::block564::event564,564,Datos/Med_con_Decaimientos/decaimientos.txt,1024,961.23,120,1479.1599999999999,1489.1599999999999,1,user_message_approve_all_mixed_weak_seeds,accept_quality
Datos/Med_con_Decaimientos/decaimientos.txt::block566::event566,566,Datos/Med_con_Decaimientos/decaimientos.txt,1024,366.894,120,1487.461,1497.461,1,frozen_selection,
Datos/Med_con_Decaimientos/decaimientos.txt::block567::event567,567,Datos/Med_con_Decaimientos/decaimientos.txt,1024,214.16,120,1477.5,1487.5,1,frozen_selection,
Datos/Med_con_Decaimientos/decaimientos.txt::block570::event570,570,Datos/Med_con_Decaimientos/decaimientos.txt,1024,703.906,120,1477.5,1487.5,1,frozen_selection,
Datos/Med_con_Decaimientos/decaimientos.txt::block572::event572,572,Datos/Med_con_Decaimientos/decaimientos.txt,1024,987.7929999999999,120,1475.84,1485.84,1,user_message_approve_all_mixed_weak_seeds,accept_quality
Datos/Med_con_Decaimientos/decaimientos.txt::block574::event574,574,Datos/Med_con_Decaimientos/decaimientos.txt,1024,665.722,120,1477.5,1487.5,1,frozen_selection,
Datos/Med_con_Decaimientos/decaimientos.txt::block575::event575,575,Datos/Med_con_Decaimientos/decaimientos.txt,1024,755.371,120,1475.84,1485.84,1,frozen_selection,
Datos/Med_con_Decaimientos/decaimientos.txt::block577::event577,577,Datos/Med_con_Decaimientos/decaimientos.txt,1024,489.74600000000004,120,1484.1409999999998,1494.1409999999998,1,frozen_selection,
Datos/Med_con_Decaimientos/decaimientos.txt::block578::event578,578,Datos/Med_con_Decaimientos/decaimientos.txt,1024,1387.8899999999999,120,1469.1989999999998,1479.1989999999998,1,frozen_selection,
Datos/Med_con_Decaimientos/decaimientos.txt::block579::event579,579,Datos/Med_con_Decaimientos/decaimientos.txt,1024,768.652,120,1479.1599999999999,1489.1599999999999,1,frozen_selection,
Datos/Med_con_Decaimientos/decaimientos.txt::block580::event580,580,Datos/Med_con_Decaimientos/decaimientos.txt,1024,537.891,120,1485.801,1495.801,1,frozen_selection,
Datos/Med_con_Decaimientos/decaimientos.txt::block581::event581,581,Datos/Med_con_Decaimientos/decaimientos.txt,1024,946.2889999999999,120,1487.461,1497.461,1,frozen_selection,
Datos/Med_con_Decaimientos/decaimientos.txt::block583::event583,583,Datos/Med_con_Decaimientos/decaimientos.txt,1024,878.223,120,1484.1409999999998,1494.1409999999998,1,frozen_selection,
Datos/Med_con_Decaimientos/decaimientos.txt::block584::event584,584,Datos/Med_con_Decaimientos/decaimientos.txt,1024,350.293,120,1482.481,1492.481,1,frozen_selection,
Datos/Med_con_Decaimientos/decaimientos.txt::block585::event585,585,Datos/Med_con_Decaimientos/decaimientos.txt,1024,1221.875,120,1474.1799999999998,1484.1799999999998,1,frozen_selection,
Datos/Med_con_Decaimientos/decaimientos.txt::block586::event586,586,Datos/Med_con_Decaimientos/decaimientos.txt,1024,659.082,120,1482.481,1492.481,1,frozen_selection,
Datos/Med_con_Decaimientos/decaimientos.txt::block587::event587,587,Datos/Med_con_Decaimientos/decaimientos.txt,1024,864.941,120,1490.781,1500.781,1,frozen_selection,
Datos/Med_con_Decaimientos/decaimientos.txt::block588::event588,588,Datos/Med_con_Decaimientos/decaimientos.txt,1024,539.5509999999999,120,1477.5,1487.5,1,frozen_selection,
Datos/Med_con_Decaimientos/decaimientos.txt::block589::event589,589,Datos/Med_con_Decaimientos/decaimientos.txt,1024,375.195,120,1489.1209999999999,1499.1209999999999,1,frozen_selection,
Datos/Med_con_Decaimientos/decaimientos.txt::block590::event590,590,Datos/Med_con_Decaimientos/decaimientos.txt,1024,370.21400000000006,120,1490.781,1500.781,1,frozen_selection,
Datos/Med_con_Decaimientos/decaimientos.txt::block591::event591,591,Datos/Med_con_Decaimientos/decaimientos.txt,1024,464.844,120,1484.1409999999998,1494.1409999999998,1,frozen_selection,
Datos/Med_con_Decaimientos/decaimientos.txt::block595::event595,595,Datos/Med_con_Decaimientos/decaimientos.txt,1024,1338.086,120,1482.481,1492.481,1,frozen_selection,
Datos/Med_con_Decaimientos/decaimientos.txt::block597::event597,597,Datos/Med_con_Decaimientos/decaimientos.txt,1024,189.25799999999998,120,1472.52,1482.52,1,frozen_selection,
Datos/Med_con_Decaimientos/decaimientos.txt::block599::event599,599,Datos/Med_con_Decaimientos/decaimientos.txt,1024,491.406,120,1479.1599999999999,1489.1599999999999,1,frozen_selection,
Datos/Med_con_Decaimientos/decaimientos.txt::block602::event602,602,Datos/Med_con_Decaimientos/decaimientos.txt,1024,210.83899999999997,120,1480.82,1490.82,1,frozen_selection,
Datos/Med_con_Decaimientos/decaimientos.txt::block604::event604,604,Datos/Med_con_Decaimientos/decaimientos.txt,1024,348.633,120,1484.1409999999998,1494.1409999999998,1,frozen_selection,
Datos/Med_con_Decaimientos/decaimientos.txt::block606::event606,606,Datos/Med_con_Decaimientos/decaimientos.txt,1024,582.7149999999999,120,1477.5,1487.5,1,frozen_selection,
Datos/Med_con_Decaimientos/decaimientos.txt::block609::event609,609,Datos/Med_con_Decaimientos/decaimientos.txt,1024,1208.594,120,1487.461,1497.461,1,frozen_selection,
Datos/Med_con_Decaimientos/decaimientos.txt::block610::event610,610,Datos/Med_con_Decaimientos/decaimientos.txt,1024,240.722,120,1480.82,1490.82,1,frozen_selection,
Datos/Med_con_Decaimientos/decaimientos.txt::block611::event611,611,Datos/Med_con_Decaimientos/decaimientos.txt,1024,479.78499999999997,120,1475.84,1485.84,1,frozen_selection,
Datos/Med_con_Decaimientos/decaimientos.txt::block612::event612,612,Datos/Med_con_Decaimientos/decaimientos.txt,1024,1050.878,120,1480.82,1490.82,1,frozen_selection,
Datos/Med_con_Decaimientos/decaimientos.txt::block615::event615,615,Datos/Med_con_Decaimientos/decaimientos.txt,1024,234.08200000000002,120,1477.5,1487.5,1,frozen_selection,
Datos/Med_con_Decaimientos/decaimientos.txt::block616::event616,616,Datos/Med_con_Decaimientos/decaimientos.txt,1024,425.00000000000006,120,1489.1209999999999,1499.1209999999999,1,frozen_selection,
Datos/Med_con_Decaimientos/decaimientos.txt::block617::event617,617,Datos/Med_con_Decaimientos/decaimientos.txt,1024,571.0930000000001,120,1469.1989999999998,1479.1989999999998,1,frozen_selection,
Datos/Med_con_Decaimientos/decaimientos.txt::block618::event618,618,Datos/Med_con_Decaimientos/decaimientos.txt,1024,185.938,120,1485.801,1495.801,1,frozen_selection,
Datos/Med_con_Decaimientos/decaimientos.txt::block619::event619,619,Datos/Med_con_Decaimientos/decaimientos.txt,1024,385.15599999999995,120,1465.879,1475.879,1,frozen_selection,
Datos/Med_con_Decaimientos/decaimientos.txt::block620::event620,620,Datos/Med_con_Decaimientos/decaimientos.txt,1024,1167.0900000000001,120,1487.461,1497.461,1,frozen_selection,
Datos/Med_con_Decaimientos/decaimientos.txt::block622::event622,622,Datos/Med_con_Decaimientos/decaimientos.txt,1024,627.539,120,1489.1209999999999,1499.1209999999999,1,frozen_selection,
Datos/Med_con_Decaimientos/decaimientos.txt::block625::event625,625,Datos/Med_con_Decaimientos/decaimientos.txt,1024,770.313,120,1482.481,1492.481,1,frozen_selection,
Datos/Med_con_Decaimientos/decaimientos.txt::block626::event626,626,Datos/Med_con_Decaimientos/decaimientos.txt,1024,317.0899999999999,120,1477.5,1487.5,1,frozen_selection,
Datos/Med_con_Decaimientos/decaimientos.txt::block628::event628,628,Datos/Med_con_Decaimientos/decaimientos.txt,1024,637.5,120,1477.5,1487.5,1,frozen_selection,
Datos/Med_con_Decaimientos/decaimientos.txt::block629::event629,629,Datos/Med_con_Decaimientos/decaimientos.txt,1024,310.44899999999996,120,1465.879,1475.879,1,frozen_selection,
Datos/Med_con_Decaimientos/decaimientos.txt::block631::event631,631,Datos/Med_con_Decaimientos/decaimientos.txt,1024,541.211,120,1479.1599999999999,1489.1599999999999,1,frozen_selection,
Datos/Med_con_Decaimientos/decaimientos.txt::block632::event632,632,Datos/Med_con_Decaimientos/decaimientos.txt,1024,682.3240000000001,120,1474.1799999999998,1484.1799999999998,1,frozen_selection,
Datos/Med_con_Decaimientos/decaimientos.txt::block633::event633,633,Datos/Med_con_Decaimientos/decaimientos.txt,1024,1040.9180000000001,120,1482.481,1492.481,1,frozen_selection,
Datos/Med_con_Decaimientos/decaimientos.txt::block634::event634,634,Datos/Med_con_Decaimientos/decaimientos.txt,1024,554.4920000000001,120,1490.781,1500.781,1,user_message_approve_all_mixed_weak_seeds,accept_quality
Datos/Med_con_Decaimientos/decaimientos.txt::block638::event638,638,Datos/Med_con_Decaimientos/decaimientos.txt,1024,258.985,120,1482.481,1492.481,1,frozen_selection,
Datos/Med_con_Decaimientos/decaimientos.txt::block639::event639,639,Datos/Med_con_Decaimientos/decaimientos.txt,1024,987.7930000000001,120,1485.801,1495.801,1,frozen_selection,
Datos/Med_con_Decaimientos/decaimientos.txt::block641::event641,641,Datos/Med_con_Decaimientos/decaimientos.txt,1024,121.191,120,1487.461,1497.461,1,frozen_selection,
Datos/Med_con_Decaimientos/decaimientos.txt::block642::event642,642,Datos/Med_con_Decaimientos/decaimientos.txt,1024,215.82099999999997,120,1484.1409999999998,1494.1409999999998,1,user_message_approve_all_mixed_weak_seeds,accept_quality
Datos/Med_con_Decaimientos/decaimientos.txt::block644::event644,644,Datos/Med_con_Decaimientos/decaimientos.txt,1024,1130.567,120,1474.1799999999998,1484.1799999999998,1,user_message_approve_all_mixed_weak_seeds,accept_quality
Datos/Med_con_Decaimientos/decaimientos.txt::block645::event645,645,Datos/Med_con_Decaimientos/decaimientos.txt,1024,869.922,120,1485.801,1495.801,1,frozen_selection,
Datos/Med_con_Decaimientos/decaimientos.txt::block647::event647,647,Datos/Med_con_Decaimientos/decaimientos.txt,1024,992.7729999999999,120,1485.801,1495.801,1,frozen_selection,
Datos/Med_con_Decaimientos/decaimientos.txt::block648::event648,648,Datos/Med_con_Decaimientos/decaimientos.txt,1024,1253.4180000000001,120,1472.52,1482.52,1,frozen_selection,
Datos/Med_con_Decaimientos/decaimientos.txt::block649::event649,649,Datos/Med_con_Decaimientos/decaimientos.txt,1024,227.44099999999997,120,1479.1599999999999,1489.1599999999999,1,user_message_approve_all_mixed_weak_seeds,accept_quality
Datos/Med_con_Decaimientos/decaimientos.txt::block650::event650,650,Datos/Med_con_Decaimientos/decaimientos.txt,1024,351.95300000000003,120,1484.1409999999998,1494.1409999999998,1,frozen_selection,
Datos/Med_con_Decaimientos/decaimientos.txt::block652::event652,652,Datos/Med_con_Decaimientos/decaimientos.txt,1024,1052.539,120,1487.461,1497.461,1,frozen_selection,
Datos/Med_con_Decaimientos/decaimientos.txt::block653::event653,653,Datos/Med_con_Decaimientos/decaimientos.txt,1024,225.781,120,1475.84,1485.84,1,frozen_selection,
Datos/Med_con_Decaimientos/decaimientos.txt::block654::event654,654,Datos/Med_con_Decaimientos/decaimientos.txt,1024,277.24600000000004,120,1485.801,1495.801,1,frozen_selection,
Datos/Med_con_Decaimientos/decaimientos.txt::block655::event655,655,Datos/Med_con_Decaimientos/decaimientos.txt,1024,245.70400000000004,120,1470.86,1480.86,1,frozen_selection,
Datos/Med_con_Decaimientos/decaimientos.txt::block656::event656,656,Datos/Med_con_Decaimientos/decaimientos.txt,1024,300.48800000000006,120,1474.1799999999998,1484.1799999999998,1,frozen_selection,
Datos/Med_con_Decaimientos/decaimientos.txt::block657::event657,657,Datos/Med_con_Decaimientos/decaimientos.txt,1024,184.277,120,1479.1599999999999,1489.1599999999999,1,frozen_selection,
Datos/Med_con_Decaimientos/decaimientos.txt::block658::event658,658,Datos/Med_con_Decaimientos/decaimientos.txt,1024,685.644,120,1480.82,1490.82,1,frozen_selection,
Datos/Med_con_Decaimientos/decaimientos.txt::block659::event659,659,Datos/Med_con_Decaimientos/decaimientos.txt,1024,1284.961,120,1482.481,1492.481,1,user_message_approve_all_mixed_weak_seeds,accept_quality
Datos/Med_con_Decaimientos/decaimientos.txt::block660::event660,660,Datos/Med_con_Decaimientos/decaimientos.txt,1024,244.04299999999998,120,1474.1799999999998,1484.1799999999998,1,frozen_selection,
Datos/Med_con_Decaimientos/decaimientos.txt::block661::event661,661,Datos/Med_con_Decaimientos/decaimientos.txt,1024,1190.332,120,1475.84,1485.84,1,frozen_selection,
Datos/Med_con_Decaimientos/decaimientos.txt::block662::event662,662,Datos/Med_con_Decaimientos/decaimientos.txt,1024,410.05800000000005,120,1479.1599999999999,1489.1599999999999,1,frozen_selection,
Datos/Med_con_Decaimientos/decaimientos.txt::block663::event663,663,Datos/Med_con_Decaimientos/decaimientos.txt,1024,1445.996,120,1477.5,1487.5,1,frozen_selection,
Datos/Med_con_Decaimientos/decaimientos.txt::block665::event665,665,Datos/Med_con_Decaimientos/decaimientos.txt,1024,1014.356,120,1484.1409999999998,1494.1409999999998,1,frozen_selection,
Datos/Med_con_Decaimientos/decaimientos.txt::block669::event669,669,Datos/Med_con_Decaimientos/decaimientos.txt,1024,356.93300000000005,120,1489.1209999999999,1499.1209999999999,1,user_message_approve_all_mixed_weak_seeds,accept_quality
Datos/Med_con_Decaimientos/decaimientos.txt::block670::event670,670,Datos/Med_con_Decaimientos/decaimientos.txt,1024,340.33199999999994,120,1479.1599999999999,1489.1599999999999,1,frozen_selection,
Datos/Med_con_Decaimientos/decaimientos.txt::block673::event673,673,Datos/Med_con_Decaimientos/decaimientos.txt,1024,896.484,120,1477.5,1487.5,1,frozen_selection,
Datos/Med_con_Decaimientos/decaimientos.txt::block674::event674,674,Datos/Med_con_Decaimientos/decaimientos.txt,1024,574.414,120,1474.1799999999998,1484.1799999999998,1,frozen_selection,
Datos/Med_con_Decaimientos/decaimientos.txt::block675::event675,675,Datos/Med_con_Decaimientos/decaimientos.txt,1024,708.8870000000001,120,1485.801,1495.801,1,user_message_approve_all_mixed_weak_seeds,accept_quality
Datos/Med_con_Decaimientos/decaimientos.txt::block676::event676,676,Datos/Med_con_Decaimientos/decaimientos.txt,1024,989.453,120,1479.1599999999999,1489.1599999999999,1,frozen_selection,
Datos/Med_con_Decaimientos/decaimientos.txt::block677::event677,677,Datos/Med_con_Decaimientos/decaimientos.txt,1024,581.0550000000001,120,1485.801,1495.801,1,frozen_selection,
Datos/Med_con_Decaimientos/decaimientos.txt::block680::event680,680,Datos/Med_con_Decaimientos/decaimientos.txt,1024,1462.597,120,1480.82,1490.82,1,user_export,accept_quality
Datos/Med_con_Decaimientos/decaimientos.txt::block681::event681,681,Datos/Med_con_Decaimientos/decaimientos.txt,1024,923.047,120,1485.801,1495.801,1,frozen_selection,
Datos/Med_con_Decaimientos/decaimientos.txt::block683::event683,683,Datos/Med_con_Decaimientos/decaimientos.txt,1024,511.328,120,1485.801,1495.801,1,frozen_selection,
Datos/Med_con_Decaimientos/decaimientos.txt::block685::event685,685,Datos/Med_con_Decaimientos/decaimientos.txt,1024,189.258,120,1487.461,1497.461,1,frozen_selection,
Datos/Med_con_Decaimientos/decaimientos.txt::block686::event686,686,Datos/Med_con_Decaimientos/decaimientos.txt,1024,1044.238,120,1487.461,1497.461,1,frozen_selection,
Datos/Med_con_Decaimientos/decaimientos.txt::block687::event687,687,Datos/Med_con_Decaimientos/decaimientos.txt,1024,328.711,120,1475.84,1485.84,1,frozen_selection,
Datos/Med_con_Decaimientos/decaimientos.txt::block689::event689,689,Datos/Med_con_Decaimientos/decaimientos.txt,1024,1120.606,120,1470.86,1480.86,1,frozen_selection,
Datos/Med_con_Decaimientos/decaimientos.txt::block690::event690,690,Datos/Med_con_Decaimientos/decaimientos.txt,1024,1215.2350000000001,120,1482.481,1492.481,1,frozen_selection,
Datos/Med_con_Decaimientos/decaimientos.txt::block692::event692,692,Datos/Med_con_Decaimientos/decaimientos.txt,1024,1449.316,120,1485.801,1495.801,1,frozen_selection,
Datos/Med_con_Decaimientos/decaimientos.txt::block693::event693,693,Datos/Med_con_Decaimientos/decaimientos.txt,1024,265.625,120,1484.1409999999998,1494.1409999999998,1,user_message_approve_all_mixed_weak_seeds,accept_quality
Datos/Med_con_Decaimientos/decaimientos.txt::block694::event694,694,Datos/Med_con_Decaimientos/decaimientos.txt,1024,122.85199999999998,120,1484.1409999999998,1494.1409999999998,1,frozen_selection,
Datos/Med_con_Decaimientos/decaimientos.txt::block695::event695,695,Datos/Med_con_Decaimientos/decaimientos.txt,1024,527.929,120,1480.82,1490.82,1,frozen_selection,
Datos/Med_con_Decaimientos/decaimientos.txt::block697::event697,697,Datos/Med_con_Decaimientos/decaimientos.txt,1024,340.332,120,1487.461,1497.461,1,frozen_selection,
Datos/Med_con_Decaimientos/decaimientos.txt::block698::event698,698,Datos/Med_con_Decaimientos/decaimientos.txt,1024,1090.7230000000002,120,1482.481,1492.481,1,frozen_selection,
Datos/Med_con_Decaimientos/decaimientos.txt::block699::event699,699,Datos/Med_con_Decaimientos/decaimientos.txt,1024,750.3910000000001,120,1472.52,1482.52,1,frozen_selection,
Datos/Med_con_Decaimientos/decaimientos.txt::block701::event701,701,Datos/Med_con_Decaimientos/decaimientos.txt,1024,346.97200000000004,120,1479.1599999999999,1489.1599999999999,1,frozen_selection,
Datos/Med_con_Decaimientos/decaimientos.txt::block702::event702,702,Datos/Med_con_Decaimientos/decaimientos.txt,1024,554.4920000000001,120,1474.1799999999998,1484.1799999999998,1,frozen_selection,
Datos/Med_con_Decaimientos/decaimientos.txt::block705::event705,705,Datos/Med_con_Decaimientos/decaimientos.txt,1024,796.875,120,1484.1409999999998,1494.1409999999998,1,frozen_selection,
Datos/Med_con_Decaimientos/decaimientos.txt::block707::event707,707,Datos/Med_con_Decaimientos/decaimientos.txt,1024,1241.797,120,1487.461,1497.461,1,frozen_selection,
Datos/Med_con_Decaimientos/decaimientos.txt::block708::event708,708,Datos/Med_con_Decaimientos/decaimientos.txt,1024,884.8629999999999,120,1469.1989999999998,1479.1989999999998,1,frozen_selection,
Datos/Med_con_Decaimientos/decaimientos.txt::block709::event709,709,Datos/Med_con_Decaimientos/decaimientos.txt,1024,1411.133,120,1465.879,1475.879,1,frozen_selection,
Datos/Med_con_Decaimientos/decaimientos.txt::block710::event710,710,Datos/Med_con_Decaimientos/decaimientos.txt,1024,1238.476,120,1487.461,1497.461,1,user_message_approve_all_mixed_weak_seeds,accept_quality
Datos/Med_con_Decaimientos/decaimientos.txt::block711::event711,711,Datos/Med_con_Decaimientos/decaimientos.txt,1024,674.023,120,1469.1989999999998,1479.1989999999998,1,frozen_selection,
Datos/Med_con_Decaimientos/decaimientos.txt::block713::event713,713,Datos/Med_con_Decaimientos/decaimientos.txt,1024,265.625,120,1479.1599999999999,1489.1599999999999,1,frozen_selection,
Datos/Med_con_Decaimientos/decaimientos.txt::block714::event714,714,Datos/Med_con_Decaimientos/decaimientos.txt,1024,766.992,120,1485.801,1495.801,1,frozen_selection,
Datos/Med_con_Decaimientos/decaimientos.txt::block717::event717,717,Datos/Med_con_Decaimientos/decaimientos.txt,1024,1275.0,120,1475.84,1485.84,1,frozen_selection,
Datos/Med_con_Decaimientos/decaimientos.txt::block719::event719,719,Datos/Med_con_Decaimientos/decaimientos.txt,1024,180.958,120,1470.86,1480.86,1,user_message_approve_all_mixed_weak_seeds,accept_quality
Datos/Med_con_Decaimientos/decaimientos.txt::block724::event724,724,Datos/Med_con_Decaimientos/decaimientos.txt,1024,481.44500000000005,120,1475.84,1485.84,1,user_message_approve_all_mixed_weak_seeds,accept_quality
Datos/Med_con_Decaimientos/decaimientos.txt::block725::event725,725,Datos/Med_con_Decaimientos/decaimientos.txt,1024,873.243,120,1482.481,1492.481,1,frozen_selection,
Datos/Med_con_Decaimientos/decaimientos.txt::block727::event727,727,Datos/Med_con_Decaimientos/decaimientos.txt,1024,522.9490000000001,120,1480.82,1490.82,1,frozen_selection,
Datos/Med_con_Decaimientos/decaimientos.txt::block729::event729,729,Datos/Med_con_Decaimientos/decaimientos.txt,1024,265.625,120,1467.539,1477.539,1,frozen_selection,
Datos/Med_con_Decaimientos/decaimientos.txt::block730::event730,730,Datos/Med_con_Decaimientos/decaimientos.txt,1024,234.082,120,1479.1599999999999,1489.1599999999999,1,frozen_selection,
Datos/Med_con_Decaimientos/decaimientos.txt::block732::event732,732,Datos/Med_con_Decaimientos/decaimientos.txt,1024,615.918,120,1477.5,1487.5,1,frozen_selection,
Datos/Med_con_Decaimientos/decaimientos.txt::block738::event738,738,Datos/Med_con_Decaimientos/decaimientos.txt,1024,302.14900000000006,120,1472.52,1482.52,1,user_message_approve_all_mixed_weak_seeds,accept_quality
Datos/Med_con_Decaimientos/decaimientos.txt::block739::event739,739,Datos/Med_con_Decaimientos/decaimientos.txt,1024,757.0319999999999,120,1472.52,1482.52,1,frozen_selection,
Datos/Med_con_Decaimientos/decaimientos.txt::block740::event740,740,Datos/Med_con_Decaimientos/decaimientos.txt,1024,1016.0160000000001,120,1485.801,1495.801,1,frozen_selection,
Datos/Med_con_Decaimientos/decaimientos.txt::block741::event741,741,Datos/Med_con_Decaimientos/decaimientos.txt,1024,420.019,120,1477.5,1487.5,1,frozen_selection,
Datos/Med_con_Decaimientos/decaimientos.txt::block743::event743,743,Datos/Med_con_Decaimientos/decaimientos.txt,1024,1399.512,120,1485.801,1495.801,1,frozen_selection,
Datos/Med_con_Decaimientos/decaimientos.txt::block744::event744,744,Datos/Med_con_Decaimientos/decaimientos.txt,1024,679.003,120,1480.82,1490.82,1,frozen_selection,
Datos/Med_con_Decaimientos/decaimientos.txt::block745::event745,745,Datos/Med_con_Decaimientos/decaimientos.txt,1024,508.0079999999999,120,1477.5,1487.5,1,frozen_selection,
Datos/Med_con_Decaimientos/decaimientos.txt::block746::event746,746,Datos/Med_con_Decaimientos/decaimientos.txt,1024,1379.5900000000001,120,1487.461,1497.461,1,frozen_selection,
Datos/Med_con_Decaimientos/decaimientos.txt::block747::event747,747,Datos/Med_con_Decaimientos/decaimientos.txt,1024,167.676,120,1472.52,1482.52,1,frozen_selection,
Datos/Med_con_Decaimientos/decaimientos.txt::block749::event749,749,Datos/Med_con_Decaimientos/decaimientos.txt,1024,164.356,120,1484.1409999999998,1494.1409999999998,1,frozen_selection,
Datos/Med_con_Decaimientos/decaimientos.txt::block750::event750,750,Datos/Med_con_Decaimientos/decaimientos.txt,1024,1067.48,120,1477.5,1487.5,1,frozen_selection,
Datos/Med_con_Decaimientos/decaimientos.txt::block751::event751,751,Datos/Med_con_Decaimientos/decaimientos.txt,1024,1089.0620000000001,120,1487.461,1497.461,1,frozen_selection,
Datos/Med_con_Decaimientos/decaimientos.txt::block752::event752,752,Datos/Med_con_Decaimientos/decaimientos.txt,1024,483.106,120,1474.1799999999998,1484.1799999999998,1,frozen_selection,
Datos/Med_con_Decaimientos/decaimientos.txt::block753::event753,753,Datos/Med_con_Decaimientos/decaimientos.txt,1024,290.52799999999996,120,1484.1409999999998,1494.1409999999998,1,frozen_selection,
Datos/Med_con_Decaimientos/decaimientos.txt::block755::event755,755,Datos/Med_con_Decaimientos/decaimientos.txt,1024,740.43,120,1475.84,1485.84,1,frozen_selection,
Datos/Med_con_Decaimientos/decaimientos.txt::block756::event756,756,Datos/Med_con_Decaimientos/decaimientos.txt,1024,898.145,120,1472.52,1482.52,1,frozen_selection,
Datos/Med_con_Decaimientos/decaimientos.txt::block757::event757,757,Datos/Med_con_Decaimientos/decaimientos.txt,1024,212.50000000000003,120,1490.781,1500.781,1,frozen_selection,
Datos/Med_con_Decaimientos/decaimientos.txt::block758::event758,758,Datos/Med_con_Decaimientos/decaimientos.txt,1024,1416.113,120,1487.461,1497.461,1,frozen_selection,
Datos/Med_con_Decaimientos/decaimientos.txt::block759::event759,759,Datos/Med_con_Decaimientos/decaimientos.txt,1024,1104.0040000000001,120,1482.481,1492.481,1,frozen_selection,
Datos/Med_con_Decaimientos/decaimientos.txt::block762::event762,762,Datos/Med_con_Decaimientos/decaimientos.txt,1024,205.85899999999998,120,1479.1599999999999,1489.1599999999999,1,frozen_selection,
Datos/Med_con_Decaimientos/decaimientos.txt::block763::event763,763,Datos/Med_con_Decaimientos/decaimientos.txt,1024,1077.441,120,1480.82,1490.82,1,frozen_selection,
Datos/Med_con_Decaimientos/decaimientos.txt::block764::event764,764,Datos/Med_con_Decaimientos/decaimientos.txt,1024,421.67999999999995,120,1465.879,1475.879,1,frozen_selection,
Datos/Med_con_Decaimientos/decaimientos.txt::block765::event765,765,Datos/Med_con_Decaimientos/decaimientos.txt,1024,398.437,120,1487.461,1497.461,1,frozen_selection,
Datos/Med_con_Decaimientos/decaimientos.txt::block766::event766,766,Datos/Med_con_Decaimientos/decaimientos.txt,1024,451.562,120,1469.1989999999998,1479.1989999999998,1,frozen_selection,
Datos/Med_con_Decaimientos/decaimientos.txt::block767::event767,767,Datos/Med_con_Decaimientos/decaimientos.txt,1024,790.2349999999999,120,1484.1409999999998,1494.1409999999998,1,frozen_selection,
Datos/Med_con_Decaimientos/decaimientos.txt::block768::event768,768,Datos/Med_con_Decaimientos/decaimientos.txt,1024,1308.203,120,1472.52,1482.52,1,frozen_selection,
Datos/Med_con_Decaimientos/decaimientos.txt::block769::event769,769,Datos/Med_con_Decaimientos/decaimientos.txt,1024,348.63300000000004,120,1475.84,1485.84,1,frozen_selection,
Datos/Med_con_Decaimientos/decaimientos.txt::block770::event770,770,Datos/Med_con_Decaimientos/decaimientos.txt,1024,416.699,120,1479.1599999999999,1489.1599999999999,1,frozen_selection,
Datos/Med_con_Decaimientos/decaimientos.txt::block771::event771,771,Datos/Med_con_Decaimientos/decaimientos.txt,1024,131.15200000000002,120,1487.461,1497.461,1,frozen_selection,
Datos/Med_con_Decaimientos/decaimientos.txt::block772::event772,772,Datos/Med_con_Decaimientos/decaimientos.txt,1024,549.512,120,1484.1409999999998,1494.1409999999998,1,user_message_approve_all_mixed_weak_seeds,accept_quality
Datos/Med_con_Decaimientos/decaimientos.txt::block776::event776,776,Datos/Med_con_Decaimientos/decaimientos.txt,1024,989.4529999999999,120,1477.5,1487.5,1,frozen_selection,
Datos/Med_con_Decaimientos/decaimientos.txt::block777::event777,777,Datos/Med_con_Decaimientos/decaimientos.txt,1024,282.226,120,1480.82,1490.82,1,frozen_selection,
Datos/Med_con_Decaimientos/decaimientos.txt::block778::event778,778,Datos/Med_con_Decaimientos/decaimientos.txt,1024,677.344,120,1467.539,1477.539,1,frozen_selection,
Datos/Med_con_Decaimientos/decaimientos.txt::block779::event779,779,Datos/Med_con_Decaimientos/decaimientos.txt,1024,443.26199999999994,120,1470.86,1480.86,1,frozen_selection,
Datos/Med_con_Decaimientos/decaimientos.txt::block782::event782,782,Datos/Med_con_Decaimientos/decaimientos.txt,1024,408.398,120,1480.82,1490.82,1,frozen_selection,
Datos/Med_con_Decaimientos/decaimientos.txt::block784::event784,784,Datos/Med_con_Decaimientos/decaimientos.txt,1024,579.394,120,1487.461,1497.461,1,frozen_selection,
Datos/Med_con_Decaimientos/decaimientos.txt::block786::event786,786,Datos/Med_con_Decaimientos/decaimientos.txt,1024,466.50300000000004,120,1480.82,1490.82,1,frozen_selection,
Datos/Med_con_Decaimientos/decaimientos.txt::block788::event788,788,Datos/Med_con_Decaimientos/decaimientos.txt,1024,659.082,120,1480.82,1490.82,1,frozen_selection,
Datos/Med_con_Decaimientos/decaimientos.txt::block789::event789,789,Datos/Med_con_Decaimientos/decaimientos.txt,1024,240.723,120,1484.1409999999998,1494.1409999999998,1,frozen_selection,
Datos/Med_con_Decaimientos/decaimientos.txt::block792::event792,792,Datos/Med_con_Decaimientos/decaimientos.txt,1024,416.69899999999996,120,1487.461,1497.461,1,frozen_selection,
Datos/Med_con_Decaimientos/decaimientos.txt::block793::event793,793,Datos/Med_con_Decaimientos/decaimientos.txt,1024,1336.425,120,1480.82,1490.82,1,frozen_selection,
Datos/Med_con_Decaimientos/decaimientos.txt::block794::event794,794,Datos/Med_con_Decaimientos/decaimientos.txt,1024,788.5749999999999,120,1470.86,1480.86,1,frozen_selection,
Datos/Med_con_Decaimientos/decaimientos.txt::block795::event795,795,Datos/Med_con_Decaimientos/decaimientos.txt,1024,489.746,120,1474.1799999999998,1484.1799999999998,1,frozen_selection,
Datos/Med_con_Decaimientos/decaimientos.txt::block796::event796,796,Datos/Med_con_Decaimientos/decaimientos.txt,1024,1258.399,120,1470.86,1480.86,1,frozen_selection,
Datos/Med_con_Decaimientos/decaimientos.txt::block797::event797,797,Datos/Med_con_Decaimientos/decaimientos.txt,1024,370.2149999999999,120,1482.481,1492.481,1,frozen_selection,
Datos/Med_con_Decaimientos/decaimientos.txt::block799::event799,799,Datos/Med_con_Decaimientos/decaimientos.txt,1024,1147.168,120,1484.1409999999998,1494.1409999999998,1,frozen_selection,
Datos/Med_con_Decaimientos/decaimientos.txt::block801::event801,801,Datos/Med_con_Decaimientos/decaimientos.txt,1024,964.5510000000002,120,1472.52,1482.52,1,frozen_selection,
Datos/Med_con_Decaimientos/decaimientos.txt::block803::event803,803,Datos/Med_con_Decaimientos/decaimientos.txt,1024,1056.6895,120,1474.1799999999998,1484.1799999999998,1,frozen_selection,
Datos/Med_con_Decaimientos/decaimientos.txt::block808::event808,808,Datos/Med_con_Decaimientos/decaimientos.txt,1024,1226.856,120,1472.52,1482.52,1,frozen_selection,
Datos/Med_con_Decaimientos/decaimientos.txt::block809::event809,809,Datos/Med_con_Decaimientos/decaimientos.txt,1024,410.058,120,1480.82,1490.82,1,frozen_selection,
Datos/Med_con_Decaimientos/decaimientos.txt::block812::event812,812,Datos/Med_con_Decaimientos/decaimientos.txt,1024,486.42599999999993,120,1487.461,1497.461,1,frozen_selection,
Datos/Med_con_Decaimientos/decaimientos.txt::block814::event814,814,Datos/Med_con_Decaimientos/decaimientos.txt,1024,486.42599999999993,120,1477.5,1487.5,1,frozen_selection,
Datos/Med_con_Decaimientos/decaimientos.txt::block815::event815,815,Datos/Med_con_Decaimientos/decaimientos.txt,1024,1391.211,120,1477.5,1487.5,1,frozen_selection,
Datos/Med_con_Decaimientos/decaimientos.txt::block816::event816,816,Datos/Med_con_Decaimientos/decaimientos.txt,1024,1341.406,120,1480.82,1490.82,1,frozen_selection,
Datos/Med_con_Decaimientos/decaimientos.txt::block817::event817,817,Datos/Med_con_Decaimientos/decaimientos.txt,1024,893.1639999999999,120,1477.5,1487.5,1,frozen_selection,
Datos/Med_con_Decaimientos/decaimientos.txt::block820::event820,820,Datos/Med_con_Decaimientos/decaimientos.txt,1024,418.35900000000004,120,1490.781,1500.781,1,frozen_selection,
Datos/Med_con_Decaimientos/decaimientos.txt::block821::event821,821,Datos/Med_con_Decaimientos/decaimientos.txt,1024,272.26599999999996,120,1487.461,1497.461,1,frozen_selection,
Datos/Med_con_Decaimientos/decaimientos.txt::block826::event826,826,Datos/Med_con_Decaimientos/decaimientos.txt,1024,700.586,120,1477.5,1487.5,1,frozen_selection,
Datos/Med_con_Decaimientos/decaimientos.txt::block831::event831,831,Datos/Med_con_Decaimientos/decaimientos.txt,1024,851.661,120,1482.481,1492.481,1,frozen_selection,
Datos/Med_con_Decaimientos/decaimientos.txt::block832::event832,832,Datos/Med_con_Decaimientos/decaimientos.txt,1024,328.711,120,1474.1799999999998,1484.1799999999998,1,frozen_selection,
Datos/Med_con_Decaimientos/decaimientos.txt::block835::event835,835,Datos/Med_con_Decaimientos/decaimientos.txt,1024,909.7659999999998,120,1484.1409999999998,1494.1409999999998,1,frozen_selection,
Datos/Med_con_Decaimientos/decaimientos.txt::block837::event837,837,Datos/Med_con_Decaimientos/decaimientos.txt,1024,909.7660000000001,120,1485.801,1495.801,1,frozen_selection,
Datos/Med_con_Decaimientos/decaimientos.txt::block838::event838,838,Datos/Med_con_Decaimientos/decaimientos.txt,1024,1221.875,120,1490.781,1500.781,1,frozen_selection,
Datos/Med_con_Decaimientos/decaimientos.txt::block840::event840,840,Datos/Med_con_Decaimientos/decaimientos.txt,1024,542.8710000000001,120,1467.539,1477.539,1,frozen_selection,
Datos/Med_con_Decaimientos/decaimientos.txt::block841::event841,841,Datos/Med_con_Decaimientos/decaimientos.txt,1024,358.593,120,1489.1209999999999,1499.1209999999999,1,frozen_selection,
Datos/Med_con_Decaimientos/decaimientos.txt::block843::event843,843,Datos/Med_con_Decaimientos/decaimientos.txt,1024,486.42600000000004,120,1474.1799999999998,1484.1799999999998,1,frozen_selection,
Datos/Med_con_Decaimientos/decaimientos.txt::block845::event845,845,Datos/Med_con_Decaimientos/decaimientos.txt,1024,1052.539,120,1484.1409999999998,1494.1409999999998,1,frozen_selection,
Datos/Med_con_Decaimientos/decaimientos.txt::block846::event846,846,Datos/Med_con_Decaimientos/decaimientos.txt,1024,1293.262,120,1475.84,1485.84,1,frozen_selection,
Datos/Med_con_Decaimientos/decaimientos.txt::block847::event847,847,Datos/Med_con_Decaimientos/decaimientos.txt,1024,556.152,120,1465.879,1475.879,1,frozen_selection,
